Text,Sentiment
ভ্যাটের_টাকা_খায়_চালান_না ,Negative
 খেলে_গা_গুলিয়ে_বমি,Negative
 শক্ত_স্বাদহীন_চর্বি,Negative
চোর,Negative
বিল_সময়_টাকার_পরিমাণ_বাড়িয়ে,Negative
খাবার_সুন্দর_স্বস্থের_বেলায়_সচেতন_নয়,Negative
ধরা_খেলে_ভুল,Negative
ক্যাশমেমোটি_কেড়ে_নিয়েছে,Negative
আচরণ_চামারের_খারাপ,Negative
ব্যবহারে_আন্তরিক ,Positive
সার্ভিস_খাবার_দুইটা_ভালো,Positive
ভ্যাট_বেশি_চালান_দেয়_না,Negative
মান_মোটামুটি_ভালো ,Neutral
 গুনগত_মান_বাড়ানো,Neutral
টিস্যু_নেই_টিস্যু_রাখা_উচিত,Negative
সুবিধা_বাড়ানো,Negative
 প্রাইস_জোস ,Positive
জোস_আইটেমই,Positive
আরও_ভাল_করতে_হবে,Negative
 সেবা_ভাল,Positive
প্লেস_সুন্দর,Positive
অসাধারণ_খাবার  ,Positive
হেলিকপ্টার_সার্ভিস_দেওন_লাগবো ,Negative
বাজে_সার্ভিসের_রেস্টুরেন্টের_বদনাম ,Negative
২_৩_বার_পিজা_অর্ডার_করেছি_এরকম_হয়নাই_পারফেক্ট_পেয়েছিলাম_রেষ্ট্রুরেন্টে_খেয়েছিলাম,Negative
 কাপঝাপ_খেয়ে_লাভ ,Negative
 চিজ_নাকি_আইকা_গাম  ,Negative
 দাঁড়িয়ে_খাবো_নাকি_বসে ﻿,Negative
চিজ_দিয়ে_ভইরা_ফেলছেন,Neutral
কয়জন_শেয়ার,Neutral
কেরি_সময়_হইতো_এমনটা_হয়েছে,Neutral
"
ডেলিভারির_টাইমে_হইসে_দোকানের_দোষ_না",Neutral
It_s_not_pizza_more_like_Pizza_ভর্তা,Negative
রাইডার_এক্সিডেন্ট_ডেলিভারীদের_দোষ,Neutral
 পার্সেল_নিশ্চয়_সাইকেল_দিসে_তাই_মিক্স,Negative
 লালবাতি_জ্বলতে_দেরি_না,Negative
শুনলেও_পাছা_নাড়িয়ে_আসতে_আসতে_রাত_পোহায়,Negative
বয়রা_ডাকলে _শুনে_না,Negative
সার্ভিস_বহুদিন_ধরেই_ভাল,Positive
ভাব_দেখায়ল_change_এনে_দিবে,Negative
 cook_না_করে_দিসে,Negative
meat_খাওয়ায়_যায়_নাই,Negative
খারাপ_বিরয়ানি_নাই,Negative
আরও_যাব_ভাবসিলাম ,Negative
AC_কমাই_রাখলে_ক্যামনে_নষ্ট,Negative
পোলাও_নাকি_অন্য_কিছু,Negative
এটা_কাচ্চি,Negative
এতই_শুকনা_পানি_দিয়ে_গলা_ভিজাই_খাইসি ,Negative
হাতে_ভাত_খাচ্চি_শুকনা_কিছুর_গ্রেভি_দিতে_বললাম,Negative
 মনে_হয়না_ফ্রিতে_পেতাম,Negative
 সময়_লাগবে,Negative
খাইতে_খাটনি_হইসে,Negative
 সিদ্ধ_হবে,Neutral
 চাবাতে_মুখের_ব্যায়াম_হইসে,Negative
চাল_৯০%_সিদ্ধ_হইসে,Neutral
মাংসটাও_সিদ্ধ_না,Negative
৩০০_টাকা_১৫%_ভ্যাট,Negative
কিপটামি_করলে_কাচ্চি_কেমনে,Negative
মশলা_নাম_গন্ধ_নাই ,Negative
শক্ত,Negative
মোটামুটি_সাইজের,Neutral
দুই_পিসে_১পিস_হাড্ডি  ,Negative
আরেকপিস_ফেলে_দিসি,Negative
কোনমতে_কামড়ে_খাইসি,Negative
কাচ্চির_সাপোর্টিং_হিরো_অর্থাৎ_আলু_শক্ত,Negative
ভাল্লাগসে,Positive
দ্বিতীয়বার_টেস্টর_দাবিই_রাখেনা,Negative
পরিমাণে_প্লেসে_ভালই_অফার,Positive
বেটার_7Dayz_ট্রাই,Positive
সবখানে_কাচ্চি_খাইতে_যায়_নাকি,Neutral
 হুরর_ব্যাটা,Negative
আইেমগুলো_এট্টু_ফাও_টাইপের,Negative
সেখানেই_যাবেন_খাইতে_আইটেম_ট্রাই_করবেন    ,Positive
উইন্ড_অফ_চেন্জে_কাচ্চি_বারকোডে_শর্মা_একই,Negative
নরমাল_বিরিয়ানি_খাওয়াই_ভাল,Negative
একদম_বাজে,Negative
অখাদ্য,Negative
বাজে_বাজেটে_নির্ধারণ,Negative
 না_যাওয়াই_better ,Negative
 ফুড_ভাল_না,Negative
রেস্টুরেন্টে_ভ্যাট_৭.৫_আমার_১৫_নিল,Negative
ছ্যাচড়া_পাব্লিক ,Negative
3rd_clss_বাজে_খাবার,Negative
৩_জনর_different_সেট_মিল_অর্ডার_নিবেনা,Negative
১২টা_বাজে_food_খেয়ে,Negative
বোকা_হয়ে_খাইতে_যাই ,Negative
 বর্জন_করুন ,Negative
খারাপ,Negative
স্বাদ_খারাপ ,Negative
বলার_নাই ,Negative
মেনুতে_সব_দেই_নাই,Negative
বাজে_কেমনে,Negative
ভালো_বিহেভ,Positive
ভালো_লাগলো,Positive
জায়গাটা_বড়_ভালো ,Positive
খাবারের_মান_১০০/১০০,Positive
মোটামুটি_ভালো ,Neutral
বাজে_লাগসে,Negative
সেরা_ভালো_বিরানি ,Positive
টেস,Positive
 যায়গা_কম ,Negative
আলোকসজ্জা_বা_ইন্টেরিয়র_ডিজাইন্ড_না,Negative
ব্যাবহার_খুব_ভাল,Positive
কাচিছ_ভাল,Positive
খাবার_অর্ডার_পরিবেশন_সময়_লাগে,Negative
পূর্বের_স্বাদ_পাওয়া_যাচ্ছে_না ,Negative
মান_বাজে,Negative
অত্যন্ত_বাজে_ব্যবহার,Negative
জাস্ট_অসাধারণ_রেস্টুরেন্ট,Positive
খুবই_বাজে_অভিজ্ঞতা ,Negative
বাসমতির_ভেতর__সম্পূর্ণ_চর্বিযুক্ত_হাড়_ছোট্ট_মাংসযুক্ত_হাড়_আলু_বড়া_পেলাম,Negative
একটু_ভালো_পারতো,Neutral
চিকেনটা_ভাল ,Positive
স্বাস্থ্যকর_খাবার ,Positive
ফালতু_রেস্টুরেন্ট,Negative
আইটেমগুলো_টোটালি_ফাউল,Negative
মান_আরো_ভাল ,Neutral
খাবারের_কথা_বলার_অপেক্ষা_রাখেনা,Neutral
 খারাপ_বিহ্যাভিয়ার,Negative
আরো_এড_দিচ্ছে_ঢ়াকাইয়া_বিরানী,Negative
ঐটা_না_হয়ছে_খাচ্চি_না_হয়ছে_হাইদ্রাবাদি_বিরানী,Negative
 বাপের_জন্মে_কাচ্চি_খাই_নাই,Negative
ভালো_শিক্ষা_পেলাম ,Neutral
ভালো_লাগছে_খেয়ে,Positive
কাস্টমারদের_যত্ন_নিয়েন,Neutral
 মনের_মতো_না,Negative
আইটেম_চেঞ্জ_চিকেন_ফ্রাই_টা_পেলাম,Negative
প্লেটারটা_ভালো,Positive
স্যার_স্যার_করে_৬০_টাকার_বিরিয়ানি_১২০_টাকা_নেন,Negative
সেরা_ভাই,Positive
হাল্কা_ক্ষুদা_মেটানর_সেরা_প্যাকেজ_ভাল_লাগসে ,Positive
অসাধারন,Positive
স্বাদ_মাস্ট_ট্রাই ,Positive
পরিবেশনার_সৌন্দর্যটাও_চোখে_পরল_না,Negative
দাম_অনুযায়ি_কি_খাইলাম_খুঁজে_পাইলাম_না,Negative
মাছি_উড়ছিল ,Negative
ম্যাঙ্গো_জুস_টা_হচ্ছিল_ফ্রুটিকার_সাথে_পানি_আর_চিনি_মিক্স_দিল,Negative
 ক্ষুদার_জ্বালায়_খাইলাম,Neutral
হাত_দিয়ে_মাছি_সরানোর_চেষ্টা ,Negative
টাকা_দিয়ে_বরফের_টুকরা_খেতে_ইচ্ছা_খেয়ে_ফেলবেন,Negative
মাছি_ঘুরঘুর ,Negative
গা_ছাড়া_ভাব ,Negative
শতাংশ_খাওয়ার_পর_মেয়াদউত্তির্ন,Negative
টেবিলে_মুখরোচক_খাবার_অর্ডার_করুন_সপ্তাহের_মেনু,Positive
অর্ডার_করুন,Positive
সবসময়তো_কয়ে_ভাল_মন্দ_খাওয়া_যায়না,Negative
রাত_বিরাতে_১_২টার__পাকস্থলীর_ভাল_মন্দ_খাইতে_চাইতেই_পাকস্থলী_জিভের_চাওয়া_পাওয়াকে_এক_করতে_ভাপা_ইলিশ_পোলাও_দিয়ে_রাতের_খানাটা_সেরে_নিলুম,Positive
নায়কের_রাজা_নাম্বার_ওয়ান_স্কিব_খান_মাছের_রাজা_ইলিশ_তেমনি_ঘরের_বাইরে_খাওয়া_সেরা_ইলিশ_পোলাওয়ের_রাজা_প্রিমিয়াম_সুইটস,Positive
দাম_কমছে,Positive
রেস্টুরেন্টগুলোর_শেফ_স্টাফরা_হরহামেশাই_নোটিশ_ছাড়াই_জব_ছেড়ে_দেয়_শিফট_করে_শেফ_মত_হঠাৎ_চলে_যাওয়াটা_যেকোন_রেস্তোরাকে_ব্র‍্যান্ড_গড়ে_তুলতে_সবচেয়ে_বড়_প্রতিবন্ধকতা,Negative
যতটুকু_জানি_কিচেন_থেকে_শুরু_করে_স্টাফ_শেফদের_ভালমানের_বেতন_ও_সুবিধা_নিশ্চিত_করে_সহজেই_কোথাও_শিফট_করেনা_বিধায়_খানার_মান_স্বাদ_এখনও_একইরকম_ধরে_রাখতে_সক্ষম,Positive
হাতের_পরশে_গোসত_খুলে_আসে_জিভ_মুখের_তালুর_চাপে_আলু_ভেংগে_১৬_১৭_মাস_কচি_খাসির_গোসতের_পরতে_একটুখানি_সুঘ্রাণ_ঘিয়ে_ভাজা_সাদা_হলদে_ভাত_মুখে_পরে_তারই_নাম_পারফেক্ট_কাচ্চি,Positive
কপাল_পিন্ডি_চটকে_যায়,Negative
কাচ্চির_মূল_মৌলিক_রন্ধনপ্রনালিতো_কজনা_জানে_তা_বাদই_দিলাম,Negative
কাচ্চির_তফাৎ_গুলিয়ে,Positive
ঢাকার_প্রসিদ্ধ_সেরা_১০_কাচ্চি_বাবুরচির_একজন_রহমত_সাহেব,Positive
ভিডিওয়ের_কাচ্চিটি_পিএসসি_হলের_বাবুর্চি_সাহেবের_পাকানো_বিয়ের_অনুষ্ঠানের_আয়োজনে,Positive
খিলায়_দেন,Neutral
হা_করসি ,Neutral
ওয়ান_অফ_দা_বেস্ট_কাচ্চি,Positive
 রিভিউ_দিয়েছিলেন,Neutral
রিভিউ_দিয়েছিলেন,Positive
উম্মম্মম্মম্মম্মম্মম্মম_করে_খাওয়া_ছাড়া_কোন_গতি_আছে,Positive
কিচেনের_অর্ধেকটা_দেশি_মুরগির_মুচমুচে_স্বাদের_ক্রাম্ব_ফ্রাই ,Positive
পরোটার_সাথে_পেয়াজ_কুচি_ধনে_পাতায়_চিপে_নেওয়া_লেবু,Positive
 নিঃশব্দে_চোখ_বন্ধ_করে_খাওয়া_ছাড়া_গতি_কি,Positive
চিকেন_ক্রাম্ব_রোজা_পাওয়া_যায়_ধানমন্ডিতে_সালাম_বাবুর্চি_সাহেবের_ভিক্টোরিয়া_হল_ইফিতারি_আয়োজনে,Positive
মুরগির_রন্ধন_প্রনালির_মধ্যে_সেরা_লাগে,Positive
বেশ_ভালো,Positive
only_Ramadan_এ_available_নাকি_always,Neutral
পরোটা_কত_রে,Neutral
সেরা_জিভ ,Neutral
এক_খানা_খেলাম,Positive
মেজবানি_ডাল_বলতে__চির_চেনা_পরিচিত_নাম_চোখের_সামনে_ভেসে_উঠে_Chittagong_Express,Positive
এখানে_ট্রাই_কয়েন,Positive
 প্রথম_দিকের_স্বাদ_বর্তমানের_স্বাদে_বিশাল_ফারাক,Negative
মাঝে_মাঝেই_খাই,Neutral
পরে_রান্নায়_বিস্তর_ফারাক,Negative
সমস্যা,Negative
পপুলারিটি_পাইলে_যা_হয়,Negative
এইটাও_গেল ,Negative
খুব_মানে_খুবই_ফালতু_স্বাদ,Negative
কালকে_খাবো,Positive
মজা_লেগেছে,Positive
আগে_খেয়েছি,Positive
মোহাম্মদপুরে_H_&_C_বা_কাছাকাছি_নামের_দোকানে_বাটা_মাংসের_হালিম_বিক্রি_করতো,Positive
৫_তারা_দিছোস_ক্যান,Negative
হতাশ_হয়ে_অখুশিতে,Negative
আজকে_একটু_খিচুড়িকে_অবসর_দিলাম,Neutral
ভরপুর_চীজ_ভিতরের_অংশে_পিৎজা_সস_দিয়ে_লাইট_স্বাদ,Positive
 বৃষ্টি_মানে_পিৎজা,Positive
দারুন_ট্রেন্ডিং_পিৎজা,Positive
 সামনে_নতুন_আইটেমগুলো_আসবে,Positive
পিৎজাগুলোই_ঢাকায়_ইন্ট্রডিউস_করেনি,Negative
 পিৎজা_খেয়ে_ফ্যান,Positive
 পিৎজা_সাথে_এক্সট্রা_সস_খাওয়ার_জংগলী_স্বাদ_ছাড়া_কিছুই_না ,Negative
বেশি_করে_খুব_প্রিয়,Positive
হিসাবে_কি_পেতে_চান,Neutral
পিজ্জা_খামু ,Positive
রাত_বিরাতে_খাইতে_মন_চায়,Positive
সানগ্লাস_পিন্দা_পিজ্জা_খাইতে_মন_চায়,Positive
সানগ্লাসের_সাথে_ডমিনস_পিৎজা,Positive
 প্রিয়_খাবারের_জায়গা,Positive
একটু_মিডিয়াম_আকারের,Neutral
যথেস্ট_পরিমানে_ফ্রাইজ_সালাদ__সস_ছাড়াও_আইসড_টি_সব_মিলিয়ে_৩৯৯টাকায়_ইন্টারন্যাশনাল_ফুড_চেইন_শপের_সার্ভিস_এন্ড_এম্বিয়েন্ট_হিসাবে_ঢাকা_শহরের_Best_Sahri_Deal,Positive
পেস্তাবাদামের_গুরার_ঘন_পুর,Positive
তুরস্ক_থেকে_শুরু_করে_মধ্যপ্রাচ্যে_ডেজার্ট_আইটেম_ব্যাপক_জনপ্রিয়_কুনাফা_ঢাকায়_নাই_বললেই_চলে,Negative
কি_পরিমান_অর্ডার_দিতে_হয়,Neutral
নরমালি_২_৩_জন_খেতে_পারবে,Positive
স্বাদের_কুনাফা_ঢাকায়_যেইদিন_পাবো_সেইদিনই_মন_থেকে_তুরস্কে_ঘুরতে_যাওয়ার_ইচ্ছাটা_উবে_যাবে,Negative
ছবির_এই_বাটি_খেতে_পারে ,Positive
যত্ন_নিয়ে_খাবার_খাওয়া_ছবি_তুলেছেন_দেখে_খুশিতে_আপ্লুত,Positive
অনেক_দোয়া_রইল ,Positive
ডেলিভারি_চার্জটা_বেশি ,Negative
ডিসেন্টের_দেখাদেখি_শুরু_করলেও_ঢাকায়_Decent_নবাবী_হালিম_বিট_দেওয়ার_মত_কেউ_আছে,Positive
ঢাকায়_হায়দ্রাবাদী_বা_লাহোরের_পিস্তা_হালিম_কথা_আসলেই_এক_নাম_আসে_Decent_বেকারি_রমজানের_স্পেশাল_নবাবী_হালিম,Positive
একদম_ফেইল্ড,Negative
পিস্তা_বা_পিসে_নেওয়া_হালিমের_প্রধান_বৈশিষ্ট্যই_এইটি_যে_সব_বেটে_ফেললে,Positive
ডালগুলো_প্রায়_আস্ত_রয়ে_গেছে,Negative
খুবই_কম,Negative
না_নুনের_স্বাদ_না_মশলার_ঘ্রাণ_না_পিসে_ফেলা_ডাল,Negative
একদম_প্লেইন_টেক্সচারের ,Negative
 ঘ্রাণ_নাই,Negative
মন্দ_ভাল_যাইহোক_আল্লাহ_রিযিক_রেখেছিলেন_সব_থেকে_বড়_পাওয়া,Positive
আলহামদুলিল্লাহ ,Positive
সবই_মিসিং,Neutral
 ভাল_দিক,Positive
হালিম_ভাল,Positive
সব_কিছুতেই_মান_রাখে,Positive
দ্বিতীয়_অবস্থানে_কাকে_রাখবেন_পিস্তা_হালিমের_ক্ষেত্রে,Neutral
সেরা,Positive
নবাবী_হায়দ্রাবাদী_লাহোরী_হালিম_শুধু_ঢাকা_না_সারা_বাংলাদেশে_Decent_ছাড়া_কেউ_করে_কিনা__জানা_নাই,Positive
নামেই_পরিচয়_হালিমের,Positive
ছোটবেলা_থেকে__হায়দ্রাবাদী_বা_লাহোরি_হালিম_নবাবী_হালিম_পুরান_ঢাকার_সুখ্যাত_বেকারি_শুধু_ডিসেন্ট_করে,Positive
চিজের_মত_গোসতের_আশের_টান_পরে,Negative
মূল_বৈশিষ্ট্য_হালিমের_কয়েকপদের_ঢাল_ও_মশলা_সব_উপকরণ_প্রায়_একই_থাকলেও_গোসত_পুরা_বাটা,Neutral
গোসতকে_ডালের_সাথে_জাল_দিতে_দিতে_বাটনা_দিয়ে_ঘাটা_যাতে__গোসত_ঝুরা_হয়ে_খুলে_আসে,Neutral
স্বাদের_খুব_আহামরি_পরিবর্তন_না_আসলেও_নলির_ভেতরের_মঞ্জা_তেল_দমে_দমে_বের_হয়ে_হালিমের_সাথে_মিশে_একাকার_স্বাদ_তৈরি_করেছে,Positive
বছর_প্রথম_হালিমের_মধ্যে_গরুর_বড়_বড়_নলিও_পেলাম,Positive
রমজান_স্পেশাল_হালিম,Positive
মোলায়েম_স্বাদটা_অনেকাংশেই_নেই ,Negative
স্বাদ_ও_মানের_এতটাই_অবনতি_হয়েছিল,Negative
আগের_স্বাদে_কিছুটা_হলেও_ফিরে_আসতে_মহা_খুশি,Positive
পনির_চিকেন_সামোসাটাও_ভালো,Positive
 জবরদস্ত_জিনিস,Positive
দাম_বারাইসে ,Negative
 কি_দাম_বাড়াইসে,Neutral
ট্রেভর_জেমসের_ভ্লগে_এমন_হালিম_দেখেছিলাম_ভারতের_হায়দ্রাবাদে,Positive
আফসোস_ঢাকায়_থাকিনা,Positive
পার্সেল_অর্ডার_করসিলেন_কি_উপায়ে,Neutral
মাত্র_একটা_পাইসি,Positive
আপনি_কয়টা_পাইসেন,Positive
আজকে_নিয়েছিলাম,Positive
সিরিয়ালে_২য়_ছিলাম_টপাটপ_২টা_মিডিয়াম ,Positive
মালিবাগ_বা_মগবাজার__কোন_ব্র‍্যাঞ্চ,Neutral
একই_নাকি_স্বাদে_ভিন্নতা_আছে,Neutral
স্বাদ_জিভে_লাগলে___পিস্তা_হালিম_৫_স্টার_পাবেনা ,Neutral
হালিম_একটা_ভালবাসা,Positive
last_year_খুব_খুব_disappointed_হয়ে_গেসি,Negative
অপেক্ষা_করি_হালিমটার_জন্য,Positive
বিরাট_বড়_লাইন,Positive
সিরিয়াসল_গত_কাল_অনেক_try_করসি__পাইলাম_না,Negative
সব_ব্রাঞ্জেই_সমান,Neutral
হালিম_কয়টা_থেকে_কয়টা_পাওয়া_যাবে,Neutral
পেট_ব্যাথা_করবে_না_দিলে,Neutral
১টা_শুধু_১_জন_খাওয়া_যাবে,Negative
কয়টায়_লাইনে_দাঁড়ালে_ভাল_হবে,Neutral
ইয়ার_মিস_করিওনা  ,Neutral
এই_বছর_দেখলাম_গরুর_বড়_বড়_নলি_এ্যাড_করেছে_হালিমে,Positive
 বছরের_তিক্ততার_স্বাদ_দেখা_যাক_এই_বছর_ঠিক_হলো_কিনা,Neutral
দেখসি_পানি_মিলাইতে ,Negative
স্বাদে_ব্যাপক_অবনতি_পাই ,Negative
 তেল_মসলা_শেষ,Negative
পাতিলের_শেষ_অংশে,Negative
আনন্দ_নিলাম,Positive
স্বাদ_বরবাদ_হয়েছে ,Negative
নল্লি_কুইক_জানান_কেমন_হইসে,Neutral
রোযা_আগে_সকালের_শেষ_নাস্তা,Positive
 হাতে_গোনা_রেস্তোরাঁ_আছে_প্রোপারভাবে_খাসি_পাকাইতে_পারে,Positive
একদম_১নম্বর_আইটেম ,Positive
খাওয়ার_অভিজ্ঞতায়_সেরা ,Positive
রোযার_আয়োজনে_মাটন_গ্লাসি_ও__বিফ_হালিম_করে,Positive
রোযা_শেষে_সেরা_মুগডালে_মাটন_কষা_দিয়ে_একদিন_সকালের_নাস্তা_করবো,Positive
কি_জিনিস,Neutral
কেউ_থাকলে_মজা,Neutral
অনেক_ভাল_লাগে,Positive
ফ্রোজেন_মানে,Neutral
পানি_আইয়া_পড়ছে_মুখে,Positive
সকালে_গেলে_ফ্রোজেনটা_কিনে_আনতে_পারবেন,Positive
ফ্রাই_করাটা_খেতে_চাইল্লে_৫_টায়_যেতে_হবে  ,Negative
খাবারটার_মান_কমেছে,Negative
খুবই_প্রিয়_সাউথ_চেইন_শপ,Positive
প্রিয়_Gochujang_Shrimp_Rice_Meal_টা_অর্ডার_করতে_গিয়ে_জানলাম_সেম_আইটেমটি_BOGO_অফারে_পাওয়া_যাচ্ছে,Positive
অনেকটাই_লস্ট,Negative
একটু_সাটল_করা_হয়েছিলো,Negative
BBQ_BD_ম্যানেজমেন্টকে_বিষয়টা_জানালে_খুবই_দায়িত্বের_সাথে_শুনে_ইমিডিয়েটলি_চীফ_শেফ_সাথে_কথা_বলে,Positive
"প্রিয়া_জায়গায়_খাবারটা_একই_স্বাদের_না_পাওয়ার_ফলটা_জানানোর_পরে_নিজ_দায়িত্বে_প্রবলেম_ফাইন্ডিং_করে_সলিউশনও_জানিয়ে_দিলো_খাবারটা_শেষ_হবার_আগে,_এইটাকেই_বলে_কাস্টোমার_সারভিস_নিশ্চিতকরণ_ও_নিয়ন্ত্রণ_দেশে_৮৫%_রেস্তোরা_ব্যবসায়ীদের_প্রোফেশনালইজমটাই_নেই",Negative
স্বাদে_হেরফের_হলেও_কাস্টোমার_সারভিস_প্রদানে_তৎপর,Neutral
 আইটেমটা_মাক্ষন_স্বাদের,Positive
খাবার_অপছন্দের_লিস্টে,Negative
তেমনি_তেহারি_মোহাম্মাদপুরের_তাজ_বিরিয়ানি,Positive
বেশি_কিছু_বলার_নাই,Neutral
পিসগুলো_আরেকটু_ভাল_দিলে_প্রোপার_প্যাকেজে_হতে_পারতো,Neutral
অবস্থাটা_খতরনাক,Negative
কব্জি_ডুবিয়ে_খুজতে_হবে ,Negative
বিশাল_ভুলত্রুটি ,Negative
কিছু_হইলো_রাতে_এইগুলা_দেখা_লাগলো ,Negative
সেরা_তেহারি_খেয়ে_ফেলুন,Positive
কিচেনের_অকল্পনীয়_নোংরার,Negative
 যাওয়া_হয়নাই  ,Negative
বাজে_হয়ে_গেসে ,Negative
মাঝে_অফ_ছিল,Negative
ভালই ,Positive
একসময়_রেগুলার_খেতাম,Positive
ব্যাবসার_মুল্ধন_ভদ্রতা_অইখানে_নাই,Negative
অসাধারন_মজার_খাবার ,Positive
আগে_ভালো_ছিলো_খাবার,Positive
পেটুক_দীর্ঘস্থায়ী ,Positive
 দিনে_দিনে_গোল্লায়_যাচ্ছে,Negative
অল্পদামে_অনেক_ভালো_সুস্বাদু_খাবার,Positive
কমখরচ_ভালো_খাওয়া,Positive
সাধ্যের_মধ্যে_সবটুকু_সুখ ,Positive
সেই_ভায়া_সেই,Positive
অসাধারণ_খাবার_প্লেস ,Positive
 স্বাদ_ভালই,Positive
ছবির_সাথে_অরিজিনাল_খাবারের_পার্থক্য ,Negative
পেরাময়_জীবন_থেকে_মুক্তির_জন্য_রাতে_বার্গার_খেতে_গেছিলাম,Positive
খুব_মজার_বার্গার_বেশি_মজার_লেমোওনেডটা,Positive
 প্রায়ই_যায়_সেখানে,Positive
দেখা_হবে_প্রথম_ভালোবাসা,Positive
বড্ড_বেশী_মিস_করছি,Positive
ভালোবাসি_ভালোবাসার_বাইট,Positive
 কেমন_বাজে_স্বাদ ,Negative
ভালোলাগা_ভালোবাসা_সবার_জন্য,Neutral
প্রবলেম_ছিল,Negative
 বোঝাইতেই_পারলাম_না,Negative
এটা_নিতেই_হবে,Negative
 সার্ভিস_কোয়ালিটিতে_কমতি_রাখে ,Negative
বার্গার_খেছেন_পছন্দ_করেন_না_এমন_পরিচিতদের_নেই_বললেই_চলে,Positive
 এটার_দরকার_ছিল_না,Negative
 খুব_ভাল,Positive
চলে_আসল ,Positive
ভালই_লাগছে_পার্সেল_নিয়ে_গেল,Positive
বার্গারে_ছোট_প্লাস্টিকের_টুকরো_পাওয়া_যায়_ফ্যামিলি_ম্যাম্বার_প্লেটে,Negative
বন্ধুর_প্লেটে_পড়লে_সমস্যা_ছিল_না_guest_বলে_কথা,Negative
ভুল_হতেই_পারে_আশাকরছি_ভুল_যাতে_না_হয়,Neutral
 পার্সেলে_আশা_খাবার_গুলোত_কখনোই_না ,Negative
 লজ্জ্বাকর_ব্যাপার,Negative
ঠিকঠাকই_ছিল,Positive
খেলাম_৩বন্ধু_৩টা,Positive
ব্যাস্ততা_দেখিয়ে_বসিয়ে_রাখলেন_নতুন_বার্গার_নিয়ে_এলেন,Negative
খাবারটা_সার্ভ_করতে_চাচ্ছেন,Neutral
চারটা_বারগার_এক_ঘন্টার_সময়_লাগসে,Negative
ক্যাশ_কাউন্টারে_শিক্ষিত_বসান,Negative
 স্টাফদের_ব্যবহার_খারাপ,Negative
 ঠিক_টাক,Positive
 দশে_দশ ,Positive
 ব্যবহারও_অনেক_ভালো,Positive
যাওয়ার_ইচ্ছে_ছিল_ওয়ান_টাইম_গ্লাস_নিয়ে_এমন_করে_নাজানি_অন্য_খাবার_নিয়ে_কি_করে,Negative
চিকেনগুলা_মরা_মুরগির,Negative
ওয়ান_টাইম_গ্লাসগুলো_ধুয়ে_ব্যবহার_করে,Negative
পরিবেশ_খাবার_ভালোই,Positive
জায়গাটা_অনেক_ছোট,Negative
পিপড়া_ছিল,Negative
খাবার_ভাল_অনেক_পোকা_ছিল,Negative
ওয়ানটাইম_গ্লাস_ধুয়ে_সার্ভ_করে,Negative
এটা_চলছে_কিভাবে ,Negative
 দেরী_করে_খাবার_দিতে,Negative
খাবারও_মজা,Positive
ওয়াইফাই_ভালোই_স্পীড,Positive
 বাজেইই_না_অস্বাভাবিক_রকম_বাজে,Negative
বাজেইই_না_অস্বাভাবিক_রকম_বাজে,Negative
মশার_কামড়,Negative
সবচেয়ে_বাজে_সার্ভিস_রেস্টুরেন্ট ,Negative
২_টা_বার্গার_তৈরি_করতে_১_ঘণ্টা_২৭_মিনিট_লাগে,Negative
 ব্যবসায়_করার_নুন্নতম_যোগ্যতা_নেই ,Negative
 মেনেজমেন্ট_নাই,Negative
১৩_০৭_২০১৭_গিয়েছিলাম_chillox_dhanmondi_তে,Positive
খাবার_যতই_ভালো_করুন_না_কেনো_সার্ভিস_ভালো_না_করে_লাভ_নেই,Negative
 খাবার_সার্ভিস_দুটোই_ইম্পোরটেন্ট ,Neutral
আশাহত_হয়ে_বাসায়_ফিরেছি,Negative
স্টুডেন্টরা_যাই_সবাই_অপেক্ষা_করার_সময়_নিয়েও_যায়_না,Negative
হিউজলি_ডিসাপয়েন্টেড,Negative
খুবই_স্লো_সার্ভিস ,Negative
 ৫০মিনিট_লাগবে,Negative
দেশে_১৫_মিনিটে_পারবেনা,Negative
বিদেশে_২মিনিটে_চোখের_সামনে_বার্গার_বানিয়ে_দে,Negative
৫০_মিনিট_একটি_বার্গার_কোল্ড_ড্রিঙ্কস_অর্ডার_করেছিলাম,Negative
ফাজলামি,Negative
১_০৫_অর্ডার_করে_খাবার_পেলাম_১_৫৫,Negative
১টার_পরে_অর্ডার_শুরু_করেছিলো_তাও_ভালো,Negative
 অপেক্ষা_করতে_হয়েছে,Negative
১১টায়_খোলার_কথা_লিখে_১টায়_খোলে,Negative
সমস্যা_হিসাবে_নাই_ধরলাম,Neutral
ভোল্টেজ_কমা_বাড়া_কর্তৃপক্ষের_হাতে_না_তবুও_উচিত_বিষয়ে_নজর_দেওয়া,Neutral
 গরমে_সিদ্ধ_হচ্ছিলাম,Negative
খাবার_ঠিকঠাকই,Positive
 সমস্যা_ছিল_সার্ভিসে ,Negative
ভোল্টেজ_লো_এসি_চলছিলো_না ,Negative
১টায়_খুলবে_১১টা_লিখার_কি_দরকার_ছিল,Negative
ভালো_কথা_বসলাম,Neutral
দেরি_হবে_অর্ডার_নিতে,Negative
১১_টায়_খোলার_কথা_১২.৩০_টায়_ক্লোজড ,Negative
ভালো_আর_ভালো_নাই,Negative
 প্রথম_দিকে_ভালো_ছিল,Positive
পাগল_ফ্যান,Positive
বিরক্ত_হয়ে_যেত,Negative
মুখ_খুললেই,Positive
তৃপ্তি_পেতাম_না,Negative
নামটা_পড়ার_পর_লেটুস_পাতা_লাগে,Negative
নাম_টাই_সহ্য_হয়_না ,Negative
বুঝলাম_আসলে_মন_মগজে_একটা_জিনিস_কিভাবে_নিচ্ছ_তার_ওপর_সেই_জিনিসটার_অস্তিত্ব_সম্পূর্ণ_নির্ভর_করে,Neutral
 খারাপ_অভিজ্ঞতা_খারাপ_স্মৃতি,Negative
লেটুস_লাগে,Negative
অনুভূতিটাই_ছাপিয়ে_যাবে_সত্যি_কিছু_করার_নাই,Neutral
মান_বা_স্বাদ_আহামরি_কিছু_পালটায়নি,Neutral
প্রেমে_পরা,Positive
রুম_দেওয়ার_কথা_দিয়েও_কথা_রাখে_নাই,Negative
মান_আশানুরুপের_চেয়ে_খারাপ,Negative
প্লেস_ভালো_লাগছে ,Positive
জরিমানাসহ_প্রতিষ্ঠানটি_সিলগালা_দেয়া_প্রয়োজন,Negative
অস্বাস্থ্যকর_পরিবেশে,Negative
খাবার_খেয়ে_মজা_লাগেনি ,Negative
স্বাদ_খুবই_বাজে,Negative
মান_উন্নত_করা_উচিত,Negative
অনেক_মজার,Positive
আনলিমিটেড ,Positive
এক_কথায়_অসাধারন,Positive
 খেয়ে_জানলাম,Neutral
টাকা_নষ্ট_করতে_হলে_যান,Negative
এত_খারাপ_টেষ্ট_হয়,Negative
সুন্দর_জায়গা,Positive
সব_আইটেম_ভালো,Positive
 লাঞ্চে_গিয়েছি_ডিনারে_থাকে_কিনা_জানিনা,Neutral
চাউমিনটা_খুবই_পচা,Negative
সিফুডের_প্রিপারেশান_থাকলে_ভালো_হতো,Neutral
৩_৪_টা_দল_৬০_৭০_জন_বুয়েটিয়ান_কয়েকজন_স্যাররাও_ছিলেন,Neutral
সালাদগুলো_চমৎকার,Positive
আইটেমটা_শেষ_হলে_refill_না_করে_ফিশ_আইটেম_রাখা  ,Negative
স্বাদ_ভাল_ছিল_এরকম_বুফে_প্রত্যাশিত_নয় ,Positive
পরিবেশন_করতে_দেরি_হয়  ,Negative
 ৭.৩০মধ্যেই_কয়েকটি_পদ_শেষ_হয়ে_যায়,Negative
কালকে_২২_২৩_জনের_group_গিয়েছিলাম,Positive
 ভোজনরসিক_জন্য_অসাধারণ,Positive
বেশ_ভালো_ছিল_আয়োজন,Positive
 সব_খাবারেরর_টেস্ট_ভালো,Positive
সুইট_এন্ড_সাওয়ার_গ্রেভিতে_আনন্দ_পরিপুর্নতা_লাভ_করতো,Negative
সালাদ_বিফ/মাটন_আইটেম_কমিয়ে_চিকেন_ফ্রাই_দেয়া_যেতো,Neutral
 মেন্যুতে_ছিল_চিকেন_ফ্রাই,Negative
লাঞ্চ_টাইমে_বিফ_মাটন_কারি_সাধারন_মনে_হয়েছে ,Negative
মান_সম্পন্ন,Positive
খুব_সুন্দর_পরিবেশ,Positive
আইটেম_আরো_বাড়ানো_উচিত,Negative
আইটেম_লাঞ্চে_দেয়া_উচিত,Neutral
ফাইভ_স্টার_রেটিং_দিচ্ছি_না,Negative
মান_দাম_সার্ভিস_মিলিয়ে_খুব_ভাল_লেগেছে ,Positive
 কোয়ালিটি_বজায়_থাকবে,Positive
কিছু_আইটেম_যোগ_করলে_ভাল_হবে ,Neutral
সার্ভিস_খারাপ ,Negative
গরম_ছিল_না,Negative
খাবার_মোটামুটি ,Neutral
ধন্যবাদ,Neutral
 ভালো_লাগলো_মজাদার_খাবার_খেয়ে,Positive
বারবার_চেয়ে_আনাতে_হয়েছে ,Negative
 দাম_খাবারের_ঘোড়ার_মুতের_মতোন,Negative
জাতের_না,Negative
ভালোই_লাগলো,Positive
পরিবেশন_সাদ_দুইটাই_ভালো,Positive
পরিবেশ_খুব_সুন্দর,Positive
ব্যাবহারের_মান_অনেক_ভালো,Positive
আন্তর্জাতিক_মানের_খাবার_সার্ভিস ,Positive
ভালো_খাবার_পরিবেশের_জন্য_দুরে_যেতে_হয়_না,Positive
ভালোবাসার_জায়গা_খানাপিনার_আয়োজনে,Positive
 পরশু_রাতে_খেয়েছি,Positive
প্রডাক্ট_কোয়ালিটি_অত্যন্ত_চিপ ,Negative
ঘুমাতে_পারিনি,Negative
পেট_খারাপ_করেছে,Negative
সারারাত_বাথরুমে_গেছি,Negative
ব্যবহার_বেশ_ভাল,Positive
 মোটামানুষের_জন্যে_টেবিলগুলা_ভাল_না,Negative
সৎচরিএ_সবসময়_সুন্দর,Positive
১৪০_টাকার_বার্গার_খুলতেই_শেষ_হয়ে_গেল_স্বাদটা_মুখে_লেগে_থাকলো  ,Neutral
প্রশংসা_দেখে_গত_সপ্তাহে_গিয়েছিলাম,Positive
মান_ভাল_হবে,Positive
সাথে_১টা_সস_দিতেই_হয়,Negative
হতাশ_হয়েছি,Negative
জনাকীর্ণ_স্থানে_অর্ডার_ম্যানেজ_আসলেই_প্রসংশনীয়,Positive
ডিসপ্লেতে_টোকেন_নাম্বার_দেখানোর_সুবিধাজনক,Positive
সাফল্য_কামনা_করছি,Positive
আড্ডা_জমবে_খেতে_খেতে ,Positive
খুব_মজার,Positive
পরিবেশটা_বেশ_সুন্দর ,Positive
ফাউল_সার্ভিস,Negative
আরো_ভাল_হবে,Positive
ভাল_ছিল,Positive
খাবার_নিয়ে_কিছু_বলতে_চাইনা,Positive
২_২বার_কাচ্চি_না_পেয়ে_ফেরত_আসছি,Negative
১নং_আইটেম,Positive
চিত্তকে_করিয়াছে_মুগ্ধ_খাবারদাবার_উদরকে_করিয়াছে_শান্ত,Positive
মজার_একটা_প্লেস,Positive
অবস্থানের_তুলনায়_মূল্যও_পরিশোধ_করিতে_হইয়াছে,Negative
সাফল্য_কামনা_করি,Positive
একবেলা_খাবার_খাইতে_বলিব,Positive
সেদিন_গিয়াছিলাম,Positive
বেস্ট_এনভায়রনমেন্ট ,Positive
এক_জায়গাতে_কয়েক_জায়গার_ফিল,Positive
ব্যবহার_খুবই_ভাল,Positive
ওয়েটার_পরিবর্তন_করা_উচিত,Negative
রুচি_সম্মত_জায়গা,Positive
 বারবার_আসতে_পারবো_না,Negative
আফছোস_শহরে_না_থাকায়,Neutral
 সব_ভালো_ব্যাপার_এখানে_আসা,Positive
এলিমেন্ট_যত্নের_ছাপ_স্পস্ট,Positive
বাংঙ্গালীরা_বেশি_হুজুগে_বড়_লোকের_ভাব_দেখাই,Neutral
 ভিতরে_জিরু,Negative
দামটা_একটু_বেশি,Negative
ভ্যাট_নাই_ভালা_লাগছে,Positive
খাবার_ভালা,Positive
ভালবাসি_খাবারের_জন্য_না,Negative
বারকোডে_যায়_২০১৪_সালে,Positive
 সুন্দর_জাইগা_আচরণ ,Positive
এমন_কোন_মাস_নেই_বারকোডে_যায়_নি,Positive
 বিহেভিয়ার_পরিবেশ_সার্ভিসের_জন্য,Positive
চিকেন_পিস_বড়_ছিল ,Positive
৫_স্টার_বারকোড_ভালবাসি,Positive
ভালো_খুবি_ভালো,Positive
দাম_কম_হইলে_বেশি_বেশি_যাইতে_পারতাম,Negative
অসাধারণ,Positive
 ভিন্নধরনের_পদখ্খেপ_অচিরেই_জনপ্রিয়_হবে,Positive
 নামেই_মেজবান,Negative
টেষ্ট_একে_বারেই_বাজে ,Negative
খেতে_বেশ_ভাল_মেজবানি_ফ্লেভার_কম ,Neutral
পরিবেশন_ভাল_লাগেনি_মাটির_সানকি_গুলি_ভেজা,Negative
মেজবানি_কাল_ভুনা_গরুর_নলা_পাওয়া_যায়_না,Negative
গাড়ী_পার্কিং_খুবই_অসুবিধা,Negative
 জায়গাটা_বেশী_ছোট_গাদাগাদি_করে_আরাম_করে_খাওয়া_যায়না ,Negative
মেজবানের_নাম_গন্ধও_নাই,Negative
ব্যবহার_খাবারের_কোন_তুলনা_হয়_না,Positive
আল্লাহ_নেক_হায়াত_দান_করুন_আমিন,Positive
ভালো_খাবারের_যায়গা,Positive
নিসন্দেহে_খেতে_পারেন,Positive
 তেল_অনেক_বেশি,Negative
 চলে_কোনরকম,Neutral
অনেক_পার্থক্য,Negative
মেজবানি_টেস্ট_আসছে_৭০ ,Neutral
মেজ্জান_নাম_হলেও_সম্পূর্ণ_মেজবানি_খাওয়ার_মতো_না,Negative
 বিষ্ময়কে_বাস্তবে_রুপ_দিবে ,Positive
সবাই_টেষ্ট_করতে_পারেন,Positive
চট্টলার_সেরা_মেজ্জান,Positive
খেলাম_তৃপ্ত,Positive
ফ্রেশ_কালা_ভূনা_নলা_সহকারে_জুল,Positive
আচারব্যবহার_খাওয়ারের_মান_সব_ভালো,Positive
ভাল_সার্ভিস,Positive
খুব_ভাল_লাগছে,Positive
অসাধারণ_পরিবেশ,Positive
সুন্দর_পরিবেশ,Positive
মোটামুটি_ভাল_ইন্টেরিয়র_ডিজাইন_খুব_ভাল,Positive
মানসম্মত_খারাপ_মুগ্ধকর_পরিবেশ_সুশীল_ব্যবহার,Neutral
অনেক_মজা_কালা_ভুনা,Positive
ভালই ,Positive
খারাপ_না ,Positive
পারপেক্ট_বাঙালিয়ানা ,Positive
চালিয়ে_নেওয়ার৷_মতো ,Positive
পরিবেশনের_সব_কিছুর_মাটির_তৈরি,Positive
প্রতারক_টাকা_চোরের_রেস্টুরেন্ট,Negative
সেহেরি_ইফতারে_বাসি_খাওয়ার_দেয় ,Negative
 খাবার_খেয়ে_অনেক_ভালো_লাগে,Positive
ভালো_সার্ভিস_বেস্টসেলার_ভালস্বাদ ,Positive
অনেক_মজা,Positive
বাজে_সেট_মেনু_খাওয়া_হয়_নাই,Negative
স্বাদ_গন্ধ_কিচ্ছু_নাই,Negative
 তেলাপোকার_ডিমের_খোসা_বাসনের_ভেতরের_লেগে_ছিলো,Negative
এডভারটাইজ_করসে_একরকম_সার্ভ_করসে_আরেকরকম,Negative
খাবার_পরিবেশন_করা_হয়েছিলো_সেটি_ভালো_ভাবে_পরিস্কার_করে_নি ,Negative
রেস্টুরেন্ট_মধ্যে_অন্যতম,Positive
ব্যবহার_খুবই_আন্তরিক,Positive
সব_ভাল_ছিল,Positive
ভালো_অভিজ্ঞতা,Positive
সেরা_হাড়ি_বিরিয়ানি,Positive
চিন্তা_ভাবনায়_ব্যবসা_অন্য_রকম_মাইল_ফলকে_নিয়ে_যাবে,Positive
ভাইদের_জন্য_শুভ_কামনা_রইল ,Positive
 বিহেভিয়ার_অনেক_ভালো_লাগছে,Positive
 ১০০টাকায়_দারুণ_খাবার,Positive
শুভ_কামনা_রইলো_ভাইয়াদের_জন্য,Positive
 রিভিউ_এটুকু_বলাই_যথেষ্ট,Positive
 মিল_সত্যি_প্রশংসনীয়,Positive
ভাল_পরিবেশ_খাওয়ার_আড্ডা_দেওয়ার_উপযুক্ত_স্থান ,Positive
খুব_অল্প_টাকায়ে_ভাল_খাবার ,Positive
চুল_পেয়েছি,Negative
খাবারের_মান_ভালো,Positive
 সার্ভিস_টা_উন্নত_করলে_ভালো_হবে,Positive
সব_মিলিয়ে_ভালো,Positive
দাম_মোটামুটি,Neutral
খাবারটা_আসাধারন,Positive
 ফার্স্ট_সার্ভ_করলে_আরো_ভালো,Neutral
স্পেসটা_আরো_বাড়ানো_হবে,Neutral
 প্রায়ই_দাড়িয়ে_থাকতে_হয়,Negative
রিজনেবল_প্রাইসে_মানসম্পন্ন_সুস্বাদু_খাবার,Positive
খুবই_মজার,Positive
স্বাদ_দাম_ভেরিয়েশন_পরিবেশন,Positive
আরো_ভালা_হইবু,Positive
খানাপিনা_একদম_ফাটাফাটি,Positive
দাম_কিছু_কমাইলি_বেশী_ভালা_হইতু,Neutral
বাজে_খাবার_বাজে_সার্ভিস ,Negative
দাম_আকাশ_ছোঁয়া,Negative
খাবারে_মাছি ,Negative
ভ্যাট_দিতে_হবে,Negative
খাবার_সার্ভ_করার_ইন্টেরেস্টই-নেই,Negative
বাসি,Negative
হালিমটা_মিষ্টি_হয়ে_গিয়েছিল,Negative
খাবারের_টেস্ট_মোটামুটি  ,Neutral
গুণগতমান_একেবারেই_নেই,Negative
ফালতু,Negative
জঘন্য_রকমের_পরিবেশনা ,Negative
পরিবেশন_জোস_খাবার_বাকওয়াস,Negative
টেবিল_পরিস্কারের_জন্যে_বলতে_হয়,Negative
খাবার_একদম_বাজে_সার্ভিস_খুব_খারাপ,Negative
আফগানিরা_রসায়া_খাবার_খায়না,Negative
টাইম_নাই,Negative
সার্ভিস_বাজে,Negative
বিরক্তিকর,Negative
চট্টগ্রামের_বাসিন্ধারা_ভোজন_রসিক_ঢাকার_তুলনায়_চট্টগ্রাম_কিছুই_না,Positive
কোনো_স্বাদই_পাইনি,Negative
পরিবেশনের_টাইমিং_পারফেক্ট,Positive
 খাবারের_মান_নিয়ে_বলতে_হয় ,Positive
সাইজে_পরিমানে_এক_প্রকার_ঠিক,Positive
মান_খুবই_সাধারণ_মনে_হয়েছে ,Negative
তন্দুরি_আইটেমের_সাথে_আফগানী_বা_পাকিস্তানিরা_রাইখা_খায়_তার_স্বাদ_মিষ্টি_হয়না,Negative
শুভকামনা_করি,Positive
চিনিতে_ভরা,Negative
নামের_সাথে_খাবারের_মানটাকেও_আফগানী_করুন,Negative
 ১৫_ভ্যাট_ধাক্কা_ব্যবসার_জন্য_ভবিষ্যতে_বুমেরাং_হয়ে_দাঁড়াতে_পারে ,Negative
 ১৫_ভ্যাট_বর্তমান_মূল্যের_ভেতরে_রাখলে_দামটা_গ্রহণ_যোগ্য_হবে ,Negative
আসল_রাইথার_স্বাদ_পাইনি,Negative
ধন্যবাদ,Positive
কখনোই_খাওয়া_হবেনা,Negative
ছোট্ট_শহরে_রিক্রিয়েশন_বলতে_বাইরে_খাওয়াকেই_বুঝি,Neutral
অর্ডার_নিলো_হায়দ্রাবাদী_বিরানী_জল_জিরা_কুলফি,Neutral
স্বাদ_একদম_ভালো_লাগেনি  ,Negative
প্লেটার_গুলো_খুব_মজাদার,Positive
খাবারের_কথাতো_নায় ,Negative
গেসিলাম_খাইতে ,Positive
অনেক_মজার_খাবার_ছিলো,Positive
সার্ভিস_একদম_বাজে ,Negative
১৫_ভ্যাটও_লাগে ,Negative
পরিমাণ_ঠিক_আছে_ফুডি_জন্যে_আরেকটু_এক্সট্রা_রাইস_লাগে ,Neutral
স্ট্যান্ডার্ড_লেভেল_কোয়ান্টিটি_দেয় ,Positive
শুনে_ভাল_লেগেছে,Positive
আলাদা_প্লেট_এক্সট্রা_রাইস_ব্যবস্থা_হয়,Neutral
মাংস_বড়_দুই_পিস_খাবার_জন্যে_যথেষ্ট,Positive
৩০মিনিট_বসার_পরেও_কেও_বিল_দিলো_না,Negative
বিহেভায়ার_এক্সিলেন্ট ,Positive
একবার_ভুলে_গেল_পরে_আনলো,Negative
সবাই_এক_না ,Neutral
 service_টাকার_তুলনায়_অনেক_ভাল,Positive
চিকেন_বিরিয়ানির_মধ্যে_বীফ_পাওয়া_যায়,Negative
১৫মিনিট_পর_এসে_জিজ্ঞেস_করলো_কোনো_অর্ডার_আছে_কিনা,Negative
বিলের_দেখা_নাই,Negative
আরো_১৫_মিনিটের_ধাক্কা,Negative
২.৩০ঘন্টা_পার_লরে_ফেলেছি,Negative
এরপরেও_চলে_কিভাবে,Negative
বাসায়_খেতে_চেয়েছি_যেমন_ইচ্ছে_তেমন_বাসি_খাবার_দিবেন,Negative
রেস্টুরেন্ট_গুলোর_ব্যাপারে_সিদ্ধান্তে_আসা_উচিত,Neutral
নিজেরা_খাবেন_না,Negative
পচা_খাবার_খেয়ে_হসপিটাল_যাওয়া_লাগবে,Negative
কিছু_রেস্টুরেন্ট_মালিকরা_এটায়_ভাবেন,Neutral
বুঝিনা_এসব_চলে_কিভাবে,Negative
যারা_বিজনেস_করেন_তারা_কি_কাস্টমারদের_যা_তা_মনে_করেন,Negative
কাচ্চিটা_অনেক_জোশ_ছিল ,Positive
অবশ্যই_ট্রাই_করবেন,Positive
টাকা_কি_কবরে_নিয়ে_যাবেন,Negative
খাবারটা_ছিল_বেশি_ভাল ,Positive
আসলে_খুব_টেস্ট ,Positive
সবকিছু_আলাদা_অন্যরকম_থাকে,Positive
খাবারটা_ছিল_বেশি_ভাল ,Positive
খেতে_ভালো_হতে_পারে,Positive
আলু_তো_নাই_সব_মটর_টক_দেখতে_কেমন,Negative
খেয়ে_খুব_অসাধারণ_লাগলো,Positive
পারফেক্ট_ফর_লাঞ্চ ,Positive
জঘন্য_ফুচকা ,Negative
কেউ_খায়না_তা_পাঠিয়ে_দিয়েছে,Negative
খেয়ে_পেট_ভরে_গেছে,Positive
টেস্ট_ভালো_ছিল,Positive
খাবার_আসে_না,Negative
বিনে_পয়সায়_খে_চাইছি_মনে_হচ্ছে ,Negative
টকে_তেতুল_নাম_গন্ধ_নেই ,Negative
অনেকক্ষণ_পরে_আসলো,Negative
খাওয়ার_মাঝপথে_বললাম,Neutral
টিস্যু_ছিলো_না_বলতে_হইলো,Negative
জল_জিরা_আনতে_আনতে_বিরানী_খাওয়া_শেষ,Negative
 খুব_বেশি_ঝাল,Neutral
খাবার_খেয়ে_ফুড_পয়জনিং_হইসে,Negative
ব্যবসারর_জন্য_পরোটা_বানায়_নাহ,Negative
সার্ভিস_খুব_বাজে,Negative
কয়েক_দিনের_বাসি ,Negative
পৃথিবীর_জঘন্য_বিরিয়ানি,Negative
চিকেন_বিরিয়ানি_সাথে_তেলাপোকা_ফ্রাই,Negative
নাম_করা_রেস্টুরেন্ট_এই_অবস্থা,Negative
সময়_থাকতে_সাবধান_হন,Negative
আজকে_হাউসফুল_কালকে_হাউসনিল,Negative
মেজিস্ট্রাটরা_কি_ঘুমিয়ে_আছে_টাকা_দিয়ে_কি_খাচ্ছি,Negative
২০_২৫_মিনিট_পর_খাবার_আসে ,Negative
চাপ_খেলাম_নেই_কোন_সালাদ_সস,Negative
মান_দিন_দিন_নিম্নমানের_হয়ে_যাচ্ছে,Negative
পুরাই_বাজে,Negative
ব্যাংকের_কার্ড_গ্রহন_করেনি,Negative
৩টা_পিচ্ছি_ছেলে_বয়স্ক_চায়ের_দোকানের_মত_সার্ভ_করেছিল,Negative
খুবই_বাজে_সার্ভিসিং,Negative
গ্রিল_চাইলাম_পাইলাম_না ,Negative
ওয়েটার_বান্দা_দেখলাম_না,Negative
আগে_ভাল_ছিল,Positive
শেষমেষ_মিনারেল_ওয়াটারে_কাজ_চালালাম ,Negative
ঠান্ডা_ঠান্ডা_শর্মা_খাইছি_কোল্ড_ড্রিংকস_চাইলাম_বললো_নেই,Negative
চিকেন_চাপ_চাইলাম_পেলাম_না,Negative
খাবারের_মান_আগের_চেয়ে_অনেক_খারাপ,Negative
টাকাটাই_নষ্ট,Negative
 খাবারের_মধ্যে_অরুচিকর_জিনিশ_পাওয়া_যাই,Negative
ব্যবহার_খুব_বাজে,Negative
আচরন_ঠিক_নয়,Negative
মশা_মাছি_নরমাল_ব্যাপার,Negative
ব্যবহার_অত্যন্ত_ভাল,Positive
কোয়ালিটির_শরমা_খাওয়াছে_মনে_থাকবে,Negative
সব_কিছু_ঠিক_আছে ,Positive
মেনুতে_বিরিয়ানি_ছিল,Positive
সসও_টাকা_দিয়ে_কিনে_খেতে_হয়,Negative
সালাদে_বালি_ছিল,Negative
পরিবেশটা_খুব_ভাল,Positive
ব্যবহার_তুলনা_হয়_না,Positive
দিনে_দিনে_ফালতু_হচ্ছে ,Negative
খুব_মজার_ভিন্ন_খাবার,Positive
পার্টিটা_অসাধারন,Positive
খাবার_খুবই_ভাল,Positive
সার্ভিস_ভালো,Positive
মোটামুটি_ভালো_খাবার,Positive
স্বাদ_অমৃত,Positive
 ভালো_খাবার_রেটিং_দিতে_হয়না,Positive
ছবি_তোলার_জন্য_BEST,Positive
পরিবেশ_খাবার_প্রশংসা_করার_মত,Positive
খাবার_যথেষ্ট_ফালতু,Negative
থাইফুড_ইয়াম্মী,Positive
রেটিং_১০_১০,Positive
রেস্টুরেন্টের_পরিবেশ_সুন্দর,Positive
ব্যাবহার_খুব_ভালো ,Positive
ডেকোরেশন_দারুন,Positive
ঠান্ডা_ছিল_বেশ_আপত্তিকর,Negative
ওয়েটারদের_মুখে_দ্বিধা_কাজ_করছিল,Negative
পরিবেশ_খারাপ_না,Positive
বিলের_উপর_১৫_ভ্যাট ,Negative
ফ্যান_চললে_কোন_সময়ে_বন্ধ_করে_দেয়া_হয়,Negative
এসি_বন্ধ_ছিল,Negative
ছোটখাট_বিষয়ে_সচেতন_থাকবেন,Neutral
ভ্যাটের_বিষয়ে_পরিষ্কার_ধারণা_দিবেন,Neutral
স্বাদ_ভালই,Positive
১২জন_ইফতারি_করতে_গিয়েছিলাম,Positive
খাবারটি_সিলেক্ট_করতে_পারবেন ,Positive
 সময়_মত_ঠান্ডা_পানি_দেয়নি,Negative
ব্যবহার_খুব_ভালো,Positive
 খুবই_বাজে_অভিজ্ঞতা,Negative
 প্রিঅর্ডার_ছিল,Neutral
সময়মত_খাবার_সার্ভ_করেনি,Negative
খুবই_টেস্টি,Positive
বেশি_কিছু_বলা_নাই,Neutral
তাড়াতাড়ি_সাপ্লাই_দিবেন,Negative
তেলাপোকা_চুলের_ফ্লেভার_দিয়েন_না,Negative
গিভিং_৫স্টার,Positive
অনেক_টেস্টি,Positive
জোস_খাবার,Positive
অনেক_মজার_খাবার,Positive
বাজে_একটা_পরিবেশ,Negative
এসি_অাছে_বন্ধ,Negative
মোটামুটি_ভালো,Neutral
পরিমানঃ_যথেষ্ট_থেকেও_বেশি,Positive
Parmanent_customer _হয়ে_গেছি,Positive
মান_টেষ্ট_অনেক_ভালো,Positive
বিহেভিয়ার_এক_কথায়_অসাধারণ ,Positive
অনেক_ভাল_ছিল,Positive
সব_কিছুই_ভাল_ছিল,Positive
shop_owner_behaviour _বাজে,Negative
government_ট্যাক্স_১৫_নিচ্ছে_ভাল_কথা ,Positive
ধন্যবাদ_ব্যাবস্থাপনা_পরিষধ,Positive
মান_ব্যাবহার_পরিবেশ_খুবই_ভালো ,Positive
যেমন_ভাল_ব্যাবহার_তেমন,Positive
অনেক_ভাল_লাগছে,Positive
শুভকামনা,Positive
কাষ্টমার_সন্তুষ্টির_জন্য_গরম_গরম_তৈরি_করে_দিল_সব,Positive
 চিন্তাই_ছিলাম_পাব_কিনা,Neutral
 রাতে_গেলাম_১৫জনে,Positive
মান_স্বাদও_অসাধারন,Positive
আপ্যায়নটা_অনেক_মনোমুগ্ধকর,Positive
সার্ভিস_বিহেভিয়ার_এনভায়রনমেন্ট_ফুডকোয়ালিটি_এভরিথিং_বেটার,Positive
খুব_ভালো_রেস্টুরেন্ট,Positive
বন্ধুরা_মিলে_ঘুরে_আসতে_পারেন,Positive
মান_অসাধারন,Positive
অনেক_ভাল_খাবার_জোস ,Positive
ভেজালমুক্ত_খাবার,Positive
It_s_অস্থির,Positive
কল_করে_রিসার্ভেশন_দিতে_পারবো,Positive
বুকিং_জন্য_অগ্রিম_টাকা_পরিশোধ_করতে_হবে,Negative
খারাপ_ভাষায়_কথা_বলেন_এটা_শিক্ষা,Negative
যুক্তিসঙ্গত_বাস্তবিক,Positive
মুখোমুখি_বললেও_মনোযোগ_দিয়ে_শুনবেন_বলে_বিশ্বাস,Positive
দেখে_সেটিই_মনে_হয়েছে,Neutral
 দুপুরে_কয়টা_থেকে_কয়টা_পর্যন্ত,Neutral
কাস্টমার_হিসেবে_সাজেশন_দিতে_পারে  ,Positive
সত্যিই_চমৎকার,Positive
সার্ভিসটা_ধরে_রাখবেন,Positive
আইটেমগুলো_টেষ্ট_করেছি,Positive
ভালো_হতো,Positive
অতি_সুলভমূল্যে_ফাইভস্টার_হোটেলের_অন্যতম_প্রধান_রেস্টুরেন্ট,Positive
মধ্যেবিত্ত_সদস্যদের_জন্য,Positive
রেস্টুরেন্টের_মালিকপক্ষ_আল্লাহর_খাস_ঈমানদার_বান্দা,Positive
কর্মচারী_বৃন্দ_সবাই_ভালো_মানুষ,Positive
সুলোভ_খরচে_উচ্চবিত্ত_মধ্যবিত্ত_ফাইভস্টার_হোটেলের_সপরিমান_খাবারদাবার,Positive
Lemongrass_Restaurant_এর_স্টুডিও_থেকে_আজকের_বিশেষ_BUFFET_সংবাদ_বুলেটিন,Positive
নতুন_নতুন_আইটেমের_সংযোজন,Positive
আইটেম_বাড়িয়ে_৪৪টি_করা_হয়েছে,Positive
কাস্টোমারদের_অনুরোধ_ফ্রাইড_চিকেন_সংযোজন_করার_সিদ্ধান্ত,Positive
বুফে_হবে_প্রিমিয়াম_বুফে ,Positive
ফুচকা_হাইজেনিক_উপায়ে_বানানো,Positive
জনপ্রিয়_বুফে_লাঞ্চ_ডিনার_সম্পুর্ন_নতুন_আঙ্গিকে_সাজানো_হয়েছে,Positive
সারপ্রাইজ_ফর_কাস্টোমার,Positive
৪৬৬টাকা_ভ্যাট_সার্ভিস_চার্যসহ,Negative
বুফে_খেতে_আসতে_হবে,Positive
মুগ্ধ_করবে,Positive
বুফের_জন্য_বুকিং_দিতে_হবে,Positive
নামাজ_সময়_কল_দিবেন_না,Positive
খাবার_নষ্ট_করবেন_না,Positive
ডিস্কাউন্ট_চেয়ে_লজ্জা_দিবেন_না,Negative
৫তারকা_মানের_১০০_হালাল_খাবার_ডিস্কাউন্ট_দেয়া_সম্ভব_নয়,Negative
অল্প_পেমেন্টের_ফাইভস্টার_হোটেল_চেয়েও_ভালো_খাবার,Positive
পেটুকদের_জন্য_লাভজনক,Positive
 অনেক_অনেক_ধন্যবাদ,Positive
মধ্যবিত্ত_পরিবারের_সদস্যদের_খরচে_মনের_সাধ_মিটিয়ে_খাওয়ার_ব্যবস্থা_করেছেন,Positive
পরিস্কার_পরিচ্ছন্ন_পরিবেশ_সাজসজ্জার_সুন্দর_মনোরম_পরিবেশে,Positive
সংবাদ_বুলেটিন_জন্য_ধন্যবাদ,Positive
শুক্রবার_সন্ধ্যার_আসছি,Positive
লোভ_সামাল_দেয়া_কঠিন,Positive
মন_জিততেসেন,Positive
অনেক_সুন্দর_হেলতি,Positive
 কতদিন_বুফে_থাকে,Positive
 কোন_জায়গায়_অবস্থিত_রেস্টুরেন্টি,Positive
অনেক_অনেক_শুভকামনা,Positive
কত_টাকা_বুফে,Neutral
জায়গা_পাই_না,Negative
 ফুচকা_খেতে_আসতে_চাই,Positive
 অনুপ্রেরণা_কোনোদিন_ভুলবো_না,Positive
 চট্টগ্রাম_আসলে_আসবো,Positive
সম্মানিত_মালিককে_জানাই_সালাম_বিনম্র_শ্রদ্ধা,Positive
ডিনার_বুফে_একটু_স্পেশাল,Positive
কম_আইটেম_থাকে  ,Negative
আসব_ইনশাআল্লাহ,Positive
খুবই_চমৎকার,Positive
আমি_বরিশালের_বাসিন্দা,Positive
অবশ্যই_আসব,Positive
খুব_পছন্দ_করি ,Positive
সব_হেলদি_খাবারগুলো_দেখে_ভালো_লাগতেছে,Positive
খুব_সুন্দর_পরিবেশনা,Positive
খুবই_ভালো_লাগছে,Positive
অসাধারন_ডেকোরেশন,Positive
৫_৬জন_ছোটো_বড়_কোন_ছাড়_আছে,Positive
ট্রিটটা_দিয়ে_দাও,Positive
কবে_নাগাদ,Positive
ব্রাঞ্চ_খুলবেন,Positive
একজন_ক্লাস_ওয়ান_আরেক_জন_ক্লাস_সেবেন_এর_ছাত্রী,Positive
বাচ্চাদের_ডিস্কাউন্ট_আছে_কি,Neutral
ইনশাআল্লাহ_এই_খানে_যাবো,Positive
শাখা_থাকলে_ভাল_হতো,Neutral
অফারটা_পারসেল_হবে,Positive
সৎ_রুচিবান_উদ্যোক্তা_প্রয়োজন,Positive
শেয়ার_করে_দিবেন_সকলের_জন্য,Positive
 সুযোগ_মিস_না_করাই_উত্তম,Positive
সম্পুর্ন_হাইজেনিক_ফুচকা,Positive
থাই_চাইনিজ_বাংলা_ইন্ডিয়ান_খাবার_দিয়ে_সাজানো ,Positive
 খাবার_নষ্ট_করতে_পারবেন_না,Positive
যতবার_ইচ্ছে_খেতে_পারবেন,Positive
স্বল্পমুল্যে_ভাল_মানের_বুফে,Positive
খাবারের_ব্যবস্থা_কি_রকম,Neutral
পরিবার_নিয়ে_আসা_যায়,Positive
একটু_ভেবে_দেখবেন,Neutral
দামটা_খুব_বেশী,Negative
 ৪৫০টাকায়_একজনের_খাবার,Negative
গত_বছর_খেয়েছিলাম_বুফে,Positive
এটা_কী_প্রতিদিন_দুপুরে_হয়,Positive
এই_নিয়ে_চিন্তা_করবেন,Neutral
আইটেম_বাড়ানো_জায়_না,Neutral
শাখা_চাই,Positive
7_বছরের_জন্য_কত,Neutral
দেখা_করবো ,Positive
দেশে_আসলে_আসবো ,Positive
রান্নাঘরটা_দেখান,Neutral
 446_টাকার_সাথে_ভেট_আছে,Negative
খুব_ দুঃখ_পেলাম ,Negative
বুকিং_জন্য_খালি_পায়_নাই,Negative
দুটোই_পাওয়া_যায়,Positive
৩_৪_বছরের_বাচ্চা_সাথে_থাকলে_কি_নিয়ম,Positive
ব্যবহারটা_অসাধারণ_ভাল_লেগেছে,Positive
সততা_স্পষ্ট_ফোঁটে_উঠেছে,Positive
ভাল_থাকুন,Positive
চট্টগ্রামে_আসলে_অবশ্যই_ট্রাই_করবো,Positive
কথাগুলো_বেশী_করে_টানছে ,Positive
চলবে_নাকি,Positive
পাচ_বছরের_বাচ্চা_আনলে_কত_দিতে_হবে,Neutral
৩_৭_বছরের_জন্য_৩৫০টাকা ,Negative
খাবারগুলা_খুব_মজা,Positive
5_এর_মধ্যে_2_কিসের_ভিত্তিতে_দিয়েছেন,Negative
কি_কি_বিষয়ে_উন্নতি_করতে_হবে,Positive
শুধু_পাটি_জন্য_নাকি_ফ্যামেলীসহ,Neutral
ফ্যামিলিসহ_আসলেও_প্রযোজ্য,Negative
উৎসবের_আমেজ_আয়োজন_করেছে_ব্যুফে_লাইভ_মিউজিক,Positive
স্পেশাল_ব্যুফে_লাইভ_মিউজিক,Positive
প্রতিবেলা_১২৯৯_টাকা ,Negative
ভেট_সার্ভিস_চার্জসহ_১১১১_টাকা ,Negative
নিজের_পছন্দের_গানে_বুফে_ডিনার_উপভোগ ,Positive
সবাইকে_আমন্ত্রন,Positive
মনোরম_পরিবেশে_সুস্বাদু_বুফে,Positive
স্বাদ_পরিবেশ_পছন্দ_হবে,Positive
৭৭_এর_অধিক_খাবারের_তালিকায়_তৈরি_হয়েছে_বুফে,Positive
বাচ্চাদের_প্রাইস_কত,Neutral
৮৮৮_সর্বমোট ,Neutral
তিন_বছর_গণনা_হবে,Neutral
না_ফ্রি,Positive
খাবারগুলো_স্বাদ_খুবই_ভালো,Positive
চেন্জ_খুব_প্রয়োজন ,Negative
ভাল_কাজ_করলেন,Positive
মান_পরিবেশন_খুবই_ভালো,Positive
ফুল_মেন্যু_শেয়ার_করলে_উপকৃত_হবো,Positive
ইফতারের_জন্য_ছোটাছুটি_নয়,Positive
পছন্দ_আপনার_সেবা_আমাদের,Positive
ইফতার_কিনে_জিতে_নিন_গিফট_ভাউচার,Positive
এক_সাথেই_পাবেন_পছন্দের_ইফতার_আইটেম ,Positive
নির্ভেজাল_সুস্বাদু_ইফতারে,Positive
আসুন_ইফতার_বাজারে ,Positive
উপভোগ_করুন_সম্পূর্ণ_বাঙলীয়ানায়_ব্যুফে_ভোজ,Positive
সাথে_থাকছে_বাংলার_ঐতিহ্যবাহী_সংগীত_রাতে_লোকজ_বাউল_গাণ,Positive
একটা_মুরগির_পা_কয়টা,Negative
Handi_বিরানি_ছাড়া_কিছু_দেখা_যায়_না,Negative
বাসমতী_চালের_বদলে_নরমাল_চাল_দিয়ে_করা,Negative
আগের_নামকরা_হায়দ্রাবাদী_বিরিয়ানি_নেই,Negative
 দামের_বাইরে_অতিরিক্ত_ভ্যাট_নেয়া_অন্যায়,Negative
 কোয়ালিটি_পরিমাণ_কম,Negative
 খাবার_মানেই_হান্ডি ,Positive
নিয়মিতই_খাওয়া_হতো,Positive
 যেমন_খাবারে_তেমনই_স্টাফদের_আচরণ ,Negative
 ক্রমাগত_মান_কমছে,Negative
 আচরণ_দেখলে_মনে_হয়_কাঙালী_ভোজ_খেতে_গেছি,Negative
গ্রেভী_দেখে_ঘেন্না_লাগছিলো,Negative
নান_যেম_ তেমন,Negative
খেতে_গিয়ে_মনে_হলো_কারো_লেফট_ওভারটা_দেছে,Negative
শীঘ্রই_পরিবর্তন_দরকার,Negative
খুবই_ডিজএপয়েন্টেড,Negative
রেস্টুরেন্টটা_কোথায়,Neutral
প্যাকেজগুলা_আপলোড_দেন,Positive
 ঐতিহ্যবাহী_উৎসবটি_উদযাপন_করি_হান্ডিতে,Positive
 অপেক্ষায়_রয়েছি,Positive
আসছেন_তো,Positive
রঙিন_উৎসব_সাথে_মজাদার_সুস্বাদু_খাবারের,Positive
উপভোগ_করুন_দারুন_ফাগুনের_ভোজ,Positive
রোম_ভাড়া_কত,Neutral
ব্যবহার_ভালো_ছিলো,Positive
খাবারো_ভালো_ছিলো,Positive
একদম_ফাটাফাটি_হইয়ি,Positive
ভালা_হইবু_আশা_গরির,Positive
দাম_কিছু_কমাইলি_ভালা_হইতু,Neutral
সব_ঠিক_ছিলো,Positive
 চিকেন_ফ্রাই_যেটা_চাইছিলাম_ওইটা_পাই_না,Negative
খাবার_মান_থেকে_দাম_বেশি,Negative
মানটা_ভালো_করলে_খুশি_হতাম,Neutral
দাম_কম_মনে_হচ্ছে_না,Negative
খেতে_আসতে_হবে,Positive
২০০৮_সালে_ভ্যাট_সহ_৪৪১_দিয়ে_যত_ভালো_ভালো_খাবার_ছিলো_একন_ভ্যাট_সহ_১০৫০_টাকা_দিয়ে_তার_৩_ভাগের_১_ভাগ_খাবারের_ভালো_আইটেম_গুলো_নেই_সব_নরমাল,Negative
আগের_সেই_বুফে_এখন_নাই ,Negative
ডিনারের_প্রাইচ_কি_সেইম,Positive
কি_এখানে_খাওয়াবে,Positive
আম_এসে_প্রাইস_কত,Positive
সেট_মেনু_কি_সবসময়_পাওয়া_যায়,Positive
ব্যুফে_ইফতার_ডিনারের_ব্যবস্থাও_রয়েছে,Positive
 ইফতারে_৩টি_ডিনার_সেহেরিতে_রয়েছে_৪টি_মেন্যু,Positive
২১০_থেকে_৪০৫_টাকার_মধ্যে_মিলবে_মেন্যু,Positive
 নিজস্ব_খামারের-আম্রপালি_আমের_জুস,Positive
সেহরি_খাওয়ার_ট্রেন্ডটা_মেরিডিয়ান_শুরু_করে,Positive
সেহরি_পর্যন্ত_রেস্টুরেন্ট_খোলা_রাখেছে ,Positive
ইফতারের_পর_থেকে_সেহরি_পর্যন্ত_সব_খাবারই_বিক্রি_হয়,Positive
সেহরির_জন্য_ভিন্ন_অফার_রাখা_হয়েছে,Positive
সেহরি_উপভোগের_সুযোগ,Positive
২০_জনের_অধিক_অর্ডার_দেওয়া_যাবে,Positive
 চার্জ_ছাড়া_ইফতার_সেহরির_পার্টিও_দেওয়া_যাবে,Positive
 দুইশ_জন_বসে_খাওয়ার_সুযোগ_রয়েছে,Positive
নিজস্ব_খামারের_রপালি_আম_ব্যবহার_করা_হয় ,Positive
তিনটি_ভিন্ন_প্যাকেজে_ইফতার_আয়োজন_রয়েছে ,Positive
মাছের_বরফ_দিয়ে_জুস_বানাচ্ছেন,Negative
রাস্তায়_ফেলে_পিটানো_দরকার,Negative
কফির_সাথে_তেলাপোকা_ব্লান্ড,Negative
কফি_খাওয়া_হল_না,Negative
ব্যুফে-সবাইকে_সাদর_আমন্ত্রন,Positive
ঘরানা_রেস্তোরার_সংশোধিত_খাদ্যতালিকা,Positive
দিনব্যাপী_ঘরনার_বৈশাখী_বুফে,Positive
মাছ_ভর্তাসহ_৩৫রকমের_খাবার_খেতে_চাবেন_বারবার,Positive
ফিরনি_কতো_করে,Positive
প্রাইস_লিস্ট,Positive
খুব_বাজে_অবস্থা ,Negative
কারেন্ট_গেলে_জেনারেটর_নাই,Negative
ভিতরে_প্রচন্ড_মাছি,Negative
খাওয়ার_হাত_দেওয়া_যাই_না_মাছির_জন্য,Negative
খুব_গরম,Negative
 লাইফে_যামু_নাহ্,Negative
পেট_ব্যাথায়_অস্থির_সারা_রাত,Negative
কোক_দিছে_মনে_হইছে_পানি_মিক্স,Negative
নাম্বার_ওয়ান_ফালতু,Negative
রেস্টুরেন্ট_নয়_কসাইখানা,Negative
সব_অখাদ্য_খেতে_দেয়,Negative
এক_কথাই_অসাধারণ,Positive
অল্প_দামে_অনেক_টেস্টি_খাবার,Positive
ব্যবহার_ভালো,Positive
খাবার_মান_ভালো,Positive
ভালো_লাগে_নাই,Negative
 গরম_গরম_মাটন_কাচ্চি_না_হলে_হয়,Negative
রাতের_কাচ্চি_প্রস্তুত,Positive
গরম_গরম_মাটন_আখনি,Positive
কার_না_ভালো_লাগে,Positive
কাচ্চির_সাথে_বাদাম_শরবত_সাথে_শাহী_পেস্তা_বাদাম_শরবত,Positive
কাচ্চি_শেষ_হয়ে_যাওয়া_এসে_পাননি_আন্তরিকভাবে_দুঃখিত,Positive
 রাতের_কাচ্চির_প্রস্তুতি_চলছে,Positive
কাচ্চি_শুনলেই_টাস্কি ,Positive
কাচ্চি_বিরিয়ানি_প্রস্তুত,Positive
Tag_করে_দিন_বন্ধুকে,Positive
কাচ্চির_ভিড়ে_কি_কাবাব_হারিয়ে_যাবে,Negative
স্পেশাল_কাবাব_থাকছে,Positive
১_জনের_নাকি_২_জনের,Neutral
এইটা_ছাড়া_কি_নাই,Negative
কাচ্চি_বিরিয়ানী_চলে_আসুন ,Positive
কাচ্চি_শুরু,Positive
কাচ্চি_মানেই_ভালোবাসা,Positive
কাচ্চি_নামক_অমৃতকে_কে_না_ভালোবাসে,Positive
প্রকৃত_কাচ্চিখোড়_তারাই_মন_ভালো_থাকলেও_কাচ্চি__মন_খারাপ_থাকলে_কাচ্চি_খায়,Positive
প্রতি_মূহুর্তে_কাচ্চি_বিরিয়ানি,Positive
দিনটা_শুরু_হোক_কাচ্চি_দিয়ে,Positive
হাতে_গ্লাভস_কয়,Negative
মজাদার_করে_কাচ্চি_বানাইলে_হয়_না_সাস্থ্য_সুস্থ_পরিবেশন_করাও_জানতে_হয়,Negative
দেরি_কেন_তাহলে_চলে_আসুন_এখনি,Positive
শুরু_হলো_কাচ্চি,Positive
শুধু_দিনে_নয়__কাচ্চি__মোরগ_পোলাও__আকনি_বিরিয়ানি_থাকছে_রাতে,Positive
কাচ্চি_বিরিয়ানি_নিয়ে_দূর্নাম_ঘোচাতেই__নতুন_প্রয়াস,Positive
কাচ্চিখোরদের_জন্য_কাচ্চি_থাকবে__প্রতিদিন,Positive
আগামীকাল_শুরু_হচ্ছে_প্রিয়_ঢাকাইয়া_কাচ্চি_বিরিয়ানি,Positive
ভূলত্রুটি_গুলো_‌ক্ষমা_সুন্দর_দৃষ্টিতে_দেখবেন,Positive
সবার_দোয়া_সহযোগিতা_কামনা_করছি,Positive
অনেক_কিছু,Positive
কাচ্চি_বিরিয়ানির_বদনাম_ঘোচাতে_প্রতিজ্ঞাবদ্ধ,Positive
অপেক্ষার_প্রহর_শেষ,Positive
কাচ্চি_ভুবনে_স্বাগতম,Positive
ঢাকাইয়া_কাচ্চি_বিরিয়ানি_পেতে_চোখ_রাখুন_পেইজে,Positive
গরম_গরম_বিরিয়ানি,Positive
এটা_কতো_করে,Neutral
ছুটির_দিনে_বিরিয়ানি_না_হইলেই_নই,Neutral
Buy_1_get_1_অফার,Positive
ভালই_ছিল_খারাপ_না_,Positive
ওয়েটারদের_আরেকটু_সিনসিয়ার_হওয়া_দরকার,Negative
ব্যবহার_দেখে_মনে_হলো_খুব_বিরক্ত_খেতে_গেলাম_কেনো,Negative
ফুচকা_শট_আসিতে_৪৫_মিনিট,Negative
তাও_কয়েকবার_বলার_পর,Negative
উলটা_জিজ্ঞাসা_করে__অর্ডার_দিসেন,Negative
 বেকুব_হয়ে_গেলাম,Negative
ভীড়_নাই_তাও_এতক্ষন,Negative
খাবারও_সাধারন_মানের,Negative
 বাইরের_২৫_টাকার_ফুচকা_অনেক_বেশি_ভালো,Negative
একদম_পছন্দ_হয়নি,Negative
পরিবেশটা_খুব_ভাল,Positive
ব্যবহার_তুলনা_হয়_না,Positive
খুব_মজার__ভিন্ন_খাবার,Positive
অফার_অফার_অফার,Positive
ফুড_লাভারদের_জন্যে_সম্পূর্ণ_নতুন_আঙ্গিকে_মজাদার_সাজানো_হাড়ী_বিরিয়ানী,Positive
১_টি_কিনলে_১_টি_ফ্রি_অফারটি_পেতে_ছবি_সহ_চেক_ইন_দিতে_হবে,Positive
২_টি_ঝাল_ফুচকা_নিলে_১_টি_ফ্রি,Positive
অফারটি_পেতে_ছবিসহ_চেক_ইন_দিতে_হবে,Positive
যেইটা_লাউ_সেইটা_কদু ,Negative
Dessert_Juice_সমন্বয়ে_শাহীপ্লেটার,Positive
মাত্র_১৯৯_টাকায়_রেগুলার_মূল্য_২৬০_টাকা,Positive
 রেডিসন_হোটেলের_সামনে_নেমে_কোথায়_যেতে_হবে,Positive
এম.এ_অাজিজ_স্টেডিয়ামের_কোন_জায়গায়_রেস্টুরেন্ট,Positive
খুজেও_পাই_নি,Negative
জিজ্ঞেস_করেছি_অাশপাশে_কেও_বলতে_পারে_না,Negative
পার্সেলে_নেয়া_যাবে,Positive
ফুড_পান্ডা_বা_পাঠাওতে_অর্ডার_করা_যাবে,Positive
পাওয়া_যাবে_১৯০_টাকায়,Positive
বিরিয়ানী_লাভারদের_নিয়ে_এলো_Taqdeer_Special_Biriyani_Platter,Positive
অফারের_মেয়াদ_বাড়লো_আরো_৬_দিন,Positive
rice_পরিমাণটা_১টা_ডিমের_সমান,Negative
৪র্থ_বর্ষপূর্তী_উপলক্ষে_ফুড_লাভারদের_জনপ্রিয়_King_platter_আকর্ষনীয়_ডিসকাউন্ড,Positive
৮টি_ভিন্ন__মজাদার_আইটেম_সমন্বয়ে_তৈরি,Positive
অনেক_দোয়া_করব_তোরে,Positive
খাওয়াবি,Positive
স্ন্যাক্স_অফার_দিলে_ভাল_হতো,Positive
কোল্ডড্রিংস_ফ্রি_হলে_ভালো_হতো,Negative
অফারটি_উপভোগ_করা_যাবে,Positive
ফাজিতার_Buy_2_Get_1_Offer_পাওয়া_যাবে_২৮০_টাকায়,Positive
লোকেশন_কোথায়,Positive
ছবি_সহ_চেক_ইন_দিলে_সফট_ড্রিংকস_ফ্রী,Positive
এটার_কথা_বলছিলেন,Neutral
কয়দিন_পাওয়া_যাবে_এই_অফার,Positive
আবদার_আইসসে_সুপার_ডুপার_ডিস্কাউন্ট_,Positive
পানি_পুরি_পাচ্ছেন_৬৫_টাকায়__রেগুলার_প্রাইস_১৩০_টাকা,Positive
চকোলেট_ফুচকা_পাচ্ছেন_৮৮_টাকায়,Positive
সীমিত_স্টকের_অফারটি_শেষ_হওয়ার_আগে_লুফে_নিন,Positive
abdaar_অ্যাপ_ডাউনলোড_করে_উপভোগ_করুন,Positive
আবদার_অ্যাপ_ব্যবহার_করে_অফার_বা_ডিস্কাউন্ট_পাবেন,Positive
অফারটি_পাওয়া_যাবে_সকাল_১১_টা_হতে_রাত_১১_টা_পর্যন্ত,Positive
চল_না_যাই,Neutral
Reservation_জন্য_যোগাযোগ_করুন,Positive
চলেন_একদিন_গিয়ে_খেয়ে_আসি,Positive
ফুড_লাভারদের_জন্য_নিয়ে_এল_রয়েল_প্লাটার,Positive
Unlimited_Tag_Share_করুন,Positive
বিজয়ী_১ম_২জন_পাবেন_Crown_Biriyani_Platter_ফ্রি_তারপরের_২জন_পাবেন_৫০_ফ্রী,Positive
এ_কেমন_বিচার,Negative
তাকদির_এভাবেই_টেনে_নিয়ে_যায়_,Positive
দোকান_বন্ধ_করে_দিন_না_হয়_সার্ভিস_ভালো_করে_বেচাকেনা_করেন,Negative
সবসময়_চেষ্টা_করে_ফুড_লাভারদের_ভিন্ন_মজাদার_খাবার_উপহার_দিতে,Positive
কাপুল_প্লেটারের_পিক_আছে,Positive
আসুন_উপভোগ_করুন_মজাদার,Positive
পার্সেল_হোম_ডেলিভারি_দেওয়া_হয়,Positive
সেরা_কাচ্চি_খেতে_বাস_ট্রেন_প্লেন_করে_ঢাকা_যেতে_হবে_না,Positive
পুরান_ঢাকার_স্টাইলের_কাচ্চিটা_চাইখাই_দেখো_না_কইলজা_ঠান্ডা_হইয়য়ে_যাবে,Positive
চট্টগ্রামেই_নিয়ে_এসেছি,Positive
দুই_টুকরা_খাসির_মাংস_নরম_নরম_আলু__বাসমতী_চালের_কাচ্চি,Positive
একদম_বাজে_রেস্তোরাঁয়_খেয়ে_শান্তি_পেলাম_না,Negative
ঠিকানা_টা_বলেন,Positive
দোকান_টা_কোতাই,Neutral
বাসি_খাবার_না_হয়_অখাদ্য_খেতে_হয়,Negative
প্রতি_বার_ভালো_কিছুর_আশায়_যায়,Negative
পোস্ট_দেয়_শুধু_discount_জন্যই,Negative
ছবি_বাস্তবতার_মিল_নেই,Negative
হোম_ডেলিভারী_দেয়া_যাবে,Neutral
রাতে_কয়টা_পর্যন্ত_খোলা_থাকে,Positive
অফারটা_কতদিন_থাকবে,Positive
কইলজা_ঠান্ডা_না_হইলে_টাকা_ফেরত_পাওয়া_যাবে,Negative
এক্সেক্ট_লো‌কেশন_কই,Positive
মে‌ডি‌কেল_ক‌লেজ_রোড_দি‌য়ে_যাওয়া_লা‌গে,Neutral
পার্ট_টাইম_হলে_লোক_আছে,Positive
কত_জন_খাওয়া_যাবে,Positive
ভোজনরসিকদের_জন্য_ইফতারে_জমজমাট_অয়োজন_হবে,Positive
 সারাদিন_রোজা_রাখার_পর_চাই_রকমাকি_খাবারের_সমাহার,Positive
পেট_মন_চোখ_সব_কিছুকে_খুশি_করেবে,Positive
কি_কি_আছে_প্লেটারে,Positive
সবার_ভাল_লাগবে ,Positive
সবাই_আসবেন,Positive
ছবি_সহ_পোস্ট_করতে_হবে,Negative
২০_টাকা_ছাড়,Positive
১০_টাকার_বিরিয়ানির_কোয়ালিটিও_অনেক_ভালো,Negative
দুইবার_খাইসি,Positive
মাংস_কাঁচা_ভিতরে_রক্ত,Negative
সেকেন্ড_টাইমও_খাবার_ভালো_লাগে_নাই,Negative
মোড়ের_বিরিয়ানি_ভাল_মতোই_রান্না_করে_,Negative
সহমত_ভাই,Neutral
 ফার্স্ট_টাইমে_ব্রোস্ট__ভিতর_কাঁচা,Negative
হালকা_রক্তও_ছিল,Negative
স্টটা__খাই_নাই_একপাশে_রেখে_দিসি,Negative
সার্ভিস_চার্জ_ভ্যাট_আছে,Negative
কোথায়_এটা,Neutral
শুক্রবার_আসলে_খাওয়া_যাবে ,Positive
নিজের_রান্না_ডাল_ভাত_আরও_মজা,Negative
ফুড_কালার_বেশি_ব্যবহার_করেন,Negative
রেস্টুরেন্ট_চিনস_না,Negative
মনে_পরে_পরে_করিও_মনে_করতে_পারতেছিনা_না!,Negative
প্রবর্তক_মোরের_পরেই,Positive
ট্রীট_কই_নতুন_মোবাইলের,Negative
বন্ধু_কবে_দিচ্ছো_ট্রীট,Positive
খানা_বাজে,Negative
ভাবসিলাম_ভদ্র_হয়ে_গেসে,Negative
কোন_দিন_ভদ্র_ছিল_না,Negative
দাম_কত_,Neutral
মাছে_ভাতে_বাঙালি ,Neutral
বৈশাখের_দিনে_CFC_restaurant_নিয়ে_এসেছে_মাছ_ও_রকমারি_ভর্তা_আকর্ষনীয়_প্লেটার ,Positive
বৈশাখের_উৎসব_উদযাপন_করুন_CFC_Restaurant_সাথে,Positive
বছরের_শুরুটা_হক_সকলের_পছন্দের_রুপচাঁদা_মাছ,Positive
কোমল_পানীয়_ফ্রী_ফ্রী_ফ্রী,Positive
এটা_কি_এভেইলেবল_আছে,Positive
অফার_টা_এখনও_আছে,Positive
দোস্ত_দেখতে_পারিস,Positive
নতুন_প্লেটার_নিয়ে_প্লেটারটি_সাজিয়েছি,Positive
কাহীনি_করে_কি_লাভ,Negative
শো_অফ_করে_কি_লাভ,Negative
অফার_দিবেন_পরিচিত,Positive
শীতের_সকাল_বাঙালি_এখনো_ঘুমে,Negative
একটু_পর_পোস্ট_৪০০_লাইক_৪০০০_কমেন্ট_আসবে,Negative
বাঙালি_ফ্রিতে_আলকাতরা_খায়তে_রাজি,Negative
এতো_প্লেটার,Neutral
এটা_ছাড়বে_কেনো,Negative
আর_একটা_না_সাথে_দুইটা,Neutral
প্রিয়_মানুষদের_জানিয়ে_দিন_tag_করুন,Positive
জিতে_নিন_২টি_muglai_patter_একদম_ফ্রী_,Positive
তাহলে_আর_দেরি_কিসের,Positive
মজাদার_মোগলাই_চাপ,Positive
বিকালকে_তুলেন_মজাদার ,Positive
লভোনীয়_মোগলাই_চাপ_,Positive
তুলতুলে_লুচি,Positive
এর_থেকে_খারাপ_হই_না,Negative
advance_করতে_ফ্রেন্ড_দের_পাটালাম_diriectly_বলে_নাহ_পারা_যাবে_নাহ,Negative
discount_প্লেটার_জন্য_সময়_দেওয়া_যাবে_নাহ,Negative
হইরানি_করার_কি_দরকার_ছিল,Negative
ফ্রেন্ড_দের_সাথে_বাজে_behaved_করছিল,Negative
হায়দ্রাবাদী_প্লেটার_অনেক_ভালো,Positive
টার্গেট_প্রতি_সপ্তাহে_চট্টগ্রামের_বেস্ট_জনপ্রিয়_রেস্টুরেন্টের_স্বাদ_গ্রহন_করা,Positive
খুব_তাড়িতাড়ি_ই_পুনরায়_যাবো,Positive
মিল_১_কুয়ান্টিটি_কুয়ালিটি_অবস্তা_১২_টা,Negative
স্বাদ_বলতে_কিছু_নেই,Negative
ছবিতে_চিকেনের_সাইজ_যত_বড়_বাস্তবে_তার_অর্ধেক,Negative
ফালতু_বাজে_খাবার,Negative
খাওয়ার_মান_টা_খুবই_ভালো,Positive
কোয়ালিটি_কোয়ান্টিটি_এন্ড_আপ্যায়ন_সবকিছু_অনেক_ভাল_,Positive
ভালোলাগার_ভালোবাসার_শুদ্ধ_খাবারের,Positive
সুন্দর_আগামী_প্রত্যাশায়_অনেক_অনেক_শুভ_কামনা,Positive
চলে_এলো_🇧🇩বাঙলীর🇧🇩_প্রানের_মাস,Positive
দারুন_সব_অফার,Positive
শুভ্র_শীতে_শীতল_উপভোগ_করুন_অথেনটিক_থালি_মিল,Positive
সকল_থালি_মিলে_পাচ্ছেন_১০_ছাড়,Positive
ছবিসহ_ফেসবুক_চেক-ইন_দিলে_সফট_ড্রিংকস_ফ্রী,Positive
দেশী_থালি_সাথে_আনলিমিটেড_রাইস,Positive
নতুনত্ব_মানেই_মাসালা_টুইস্ট,Positive
তারই_ধারাবাহিকতায়_নিয়ে_এসেছে_১০০_অথেনটিক_খাবারের_থালি,Positive
এক_থালিতেই_উদরপূর্তি,Positive
একজনের_তুলনায়_রাইস_পরিমান_বেশি,Positive
চাইলে_আবার_নেওয়া_যাবে,Positive
বাস্তবে_একজনের_অনুপাতে_থাকবে,Negative
যেকোন_সমস্যা_রেস্টুরেন্টে_দায়িত্বরত_ওয়েটার_বা_ব্যবস্থাপককে_জানান,Positive
পেয়াজ_দিবে_সাথে,Positive
কিন্তু_খাবে_কি_দিয়ে,Negative
যত_ইচ্ছা_রাইস_পাবে,Positive
পেঁয়াজ_কি_সত্যিই_দিবেন,Neutral
কুরিয়ারে_পাঠান_আফিসের_জন্য,Positive
সারাদিন_দু'বেলায়_খাই_না,Neutral
 বাসায়_নিয়ে_আসেন_গাড়িভাড়া_বাবদ_২০_টাকা_দিব,Negative
চেক_ইন_ছাড়া_অফার_প্রযোজ্য_হবে_না,Negative
অফার_সহ_পার্সেল_নেয়া_যাবে,Positive
 ২_টি_নিলে_কি_৪_টি_পার্সেল_দেয়া_হবে,Positive
চালু_হয়েছে_৳_৯৯_টাকায়_উৎসব,Positive
দুখিত_অভিজ্ঞতার_জন্য,Positive
কিন্তু_স্যার_আপনি_কখন_খেয়েছিলেন,Positive
আপনি_কি_দিয়েছিলেন,Neutral
অফারটার_জন্য_চেকইন_দিতে_হয়,Negative
হায়দ্রাবাদি_বিরিয়ানির_মত_লাগছে_না,Negative
দেরিতে_কি_জন্য_পাঠালেন,Negative
নয়_টাকা_নিয়ে_দুঃশ্চিন্তা ,Negative
চেক_ইন_না_দিলে_কত,Positive
রেস্তুুরেন্টে_গিয়ে_খাই_প্রতিজন_কত_টাকা_দাম_পড়বে,Positive
৭_জনের_জন্য_নিতে_চাই_কত_দাম_হবে,Positive
হালকা_শীতে_গা_গরম_করতে_সাথে_পকেটকে_গরম_রাখতে_মাসালা_টুইস্ট_নিয়ে_এসেছে_চরম_অফার,Positive
ছবি_যেমন_পরিমান_দেখছি_আসলে_কি_দেওয়া_হবে,Neutral
শরতের_রঙিন_আবহে_গ্রাহকদের_চাহিদায়_আবারো_শুরু_হয়েছে_৯৯_টাকার_উৎসব_,Positive
প্রকৃতিতে_শরৎ_বন্দনা,Positive
প্লেটারটা_আবার_কবে_শুরু_হবে,Positive
ভূল_ত্রুটি_শুধরে_নতুন_উদ্দ্যমে_যাত্রা_শুরু_করেছি,Positive
রিনোভেশনের_কাজের_জন্য_বন্ধ_রাখা_হয়েছিল,Neutral
এই_পথ_চলায়_আপনাদের_পাশে_পাব,Positive
রেস্টুরেন্ট_কতৃপক্ষের_ভুলে_খাওয়ারে_সমস্যা_হলে_খাওয়ারের_মূল্য_পরিশোধ_করা_লাগবে_না,Positive
অনলাইনে_কিভাবে_অর্ডার_দিব_তা_জানালে_উপকৃত_হব,Positive
মেজ্জানের_মত_মানুষ_হই,Positive
যতবার_যায়_না_খায়_ফিরে_আসতে_হই,Negative
বেশি_লোভ_করিয়েন_না_,Negative
মুরগি_গুলো_ডেঙ্গু_জ্বরে_আক্রান্ত_ছিলো,Negative
সকল_শিক্ষার্থীসহ_স্কুল_কলেজ_ভার্সিটি_লেভেলের_সকল_ছাত্রছাত্রী_ভাইবোনদের_জন্য_স্পেশাল_ম্যানুতে_২০_নগদ_ছাড়,Positive
ফলাফল_ভাল_খারাপ_দিয়ে_বাস্তব_জীবনের_মূল্যায়ন_হয়না,Positive
ইচ্ছে_হলেও_সম্ভব_না,Negative
আগে_বললেই_হতো_মিল_গুলো_অগ্রিম_বুকিং_ভিত্তিতে_পাওয়া_যাবে,Negative
ইফতারে_পার্সেল_নিতে_চায়_আগে_থেকে_বুকিং_দিয়ে_ইফতারে_জন্য_নিতে_পারবেন,Positive
রমজানে_সকল_থালি_মিলে_ছবিসহ_চেকইন_দিলে_পাবেন_আকর্ষনীয়_ছাড়,Positive
রমজানে_মাসালা_টুইস্টের_সিগনেচার_থালি_মিল_গুলোতে_ছাড়,Positive
বাসমতি_চালের_খাবার_পাওয়া_যায়,Positive
শাকের_বড়া_টা_কয়দিনের_বাসি,Negative
অর্ডার_করেছিলাম_খাবার_গুলো_ভাল_ছিল,Positive
সার্ভিসও_ভাল,Positive
সমস্যা_একটাই_ফেস_করেছি_তা_হলো_গরম,Negative
এসি_চলছে_তবুও_ভেতরে_বেশ_গরমই_ছিল,Negative
বাকিসব_ঠিকই_ছিল,Positive
পরিবেশটা_অনেক_সুন্দর,Positive
 ব্যাবহার_বেশ_মার্জিত,Positive
চিকেন_স্টেকে_সসের_জন্য_ধোঁয়াটে_গন্ধ_এসেছিল,Negative
বলার_সাথে_সাথে_চেঞ্জ_করে_দিয়েছে,Positive
ড্রিংস_বাদে_বাকি_খাবারের_দাম_রিজনেবল,Neutral
ফালতু_বাজে_বার্গার,Negative
বাসায়_অর্ডার_করেছিলাম_এতগুলো_টাকা_নিলো_চিজও_দেই_নি,Negative
পারুটিটাও_চরম_বাসি_ছিলো,Negative
এরকম_বাজে_এক্সপেরিয়েন্স_কোনদিনও_হয়_নাই,Negative
বনানী_ব্রাঞ্চ_জীবনে_কোনদিনও_যাবো_না_বন্ধুদেরও_রেকমেন্ড_করবো_না,Negative
দুই_ব্রাঞ্চে_হসপিটালিটির_আকাশপাতাল_পার্থক্য_কারো_কাছেই_এক্সপেক্টেড_না,Negative
আশাকরি_ভবিষ্যতে_মাথায়_রাখবে,Positive
সুপারভাইজারের_সাথে_কথা_বলতে_চাইলে_আরেকজন_ওয়েটারকে_সুপারভাইজার_সাজিয়ে_কথা_বলার_জন্য_নিয়ে_আসে,Negative
বারবিকিউ_চিকেন_বার্গার_পুটিন_খেয়েছি,Positive
বার্গারে_মাংস_থেকে_পোড়া_গন্ধ_পেয়েছি,Negative
পুটিন_জঘন্য_খালি_আলু_মাংসের_নাম_নাই_পুরাই_ফালতু,Negative
কোয়ালিটি_কোয়ান্টিটি_দেখে_বাকরুদ্ধ,Negative
কিছুটা_ওভারপ্রাইজড,Negative
বার্গারের_টেস্ট_ভালো,Positive
ওনিয়ন_রিংস_অনেক_ভালো,Positive
জীবনে_কিছু_পাইলাম_না,Neutral
 খুবই_দুঃখ_জনক_smoking_জোন_আছে_বাচচাদের_খেলার_কোন_ব্যবস্তা_নেই,Negative
 সাথে_মুড়ি_দেবেন,Negative
_ইফতার_দিবে_আযান_হবার_পর,Negative
খুবি_বাজে_service,Negative
এসি_কাজ_করে_না,Negative
রোজা_রেখে_খেতে_আসবেন_না_অসুস্থ_হয়ে_যাবেন,Negative
কোয়ালিটি_জঘন্যরকম_খারাপ,Negative
গেস্টদের_জন্যে_এনে_টাকাগুলো_জলে_গেছে,Negative
খাবারটা_ভালোই_ছিলো,Positive
আরেকটু_বাড়ায়_দিলে_ভালো,Negative
পরিবেশ_খাবারের_মান_দুটাই_ভাল_লাগছে,Positive
সুন্দর_ব্যবহার_ভালো,Positive
খাবারের_মান__অসাধারন,Positive
বন্ধু_বান্ধব_পরিবার_নিয়ে_সময়_কাটানোর_মতো_যথেষ্ঠ_ভালো_প্লেস,Positive
সব্বাই_একবার_হলেও_দেখে_আসবেন,Positive
আমরা_নিয়ে_এসেছি_ব্যতিক্রমী_মজাদার_একটা_প্লেটার,Positive
খুব_শীঘ্রই__Platter_Town_Lounge_&_Restaurant_চালু_হবে,Positive
আপনাদের_ভালবাসা_Twinkles_এর_মতো_Platter_Town_এ,Positive
Platter_Town_এর_পেইজটি_লাইক_দিয়ে_সাথে_থাকবেন,Positive
ভালবাসায়_সামনে_এগিয়ে_যাওয়ার_অনুপ্রেরণা,Positive
সুন্দর_পরিবেশন_মার্জিত_ব্যবহারই_পারে_ব্যবসায়িক_লক্ষ্য_অর্জনের_সহায়ক_হতে,Positive
সেমিনারের_সফল_আয়োজন,Positive
রেস্টুরেন্ট_আজ_শুক্রবার_সন্ধা_৭_টা_থেকে_রাত_১১_টা_পর্যন্ত_পার্টি_রিজার্ভড_থাকবে,Positive
এই_সময়টাতে_বাইরের_অন্য_কোন_অতিথি_কে_জায়গা_দিতে_না_পারার_জন্য_দুঃখিত,Positive
সহযোগিতা_কাম্য,Positive
রেস্টুরেন্টের_স্পেশাল_হিট_আইটেম,Positive
২_জনের_জন্য_পারফেক্ট_খাবার,Positive
বিরিয়ানি_পাওয়া_যায়,Positive
প্রাইজ_কিরকম,Neutral
অনুরোধ_ও_চাহিদার_কথা_চিন্তা_করে_ফিরে_আসলাম_আমাদের_নিজস্ব_স্বকীয়তা_এবং_নতুনত্ব_নিয়ে,Positive
লোভনীয়_প্লেটারের_স্বাদের_রাজ্যে_স্বাগতম_জানাই_,Positive
এক_কথায়_সেরা,Positive
খুবই_বাজে,Negative
পনেরো_দিন_আগেই_খাবারের_মেনু_এবং_সময়_নিশ্চিত_করে_অগ্রিম_বুকিং_দেই,Positive
বিরক্তকর,Negative
মেনাজারের_কোথায়_কাচ্চি_সিলেক্ট_করেছি,Negative
এইটা_নাকি_বেস্ট_আইটেম,Negative
খাবারের_সময়_বুঝতে_পারলাম_রাইস_থেকে_পোড়া_গন্ধ_বের_হচ্ছে,Negative
তেলে_ভরপুর_,Negative
কাচ্ছিতে_খাসির_হাড্ডি_চর্বি_ছাড়া_কিছু_পেলামনা,Negative
অফিসিয়াল_মিটিং_রাত_হলে_যাওয়ায়_লেডিস_গেস্টরা_না_খেয়েই_চলে_গেলো,Negative
বাকিরা_কোনমতে_অল্প_কিছু_খেতে_পেরেছে,Negative
বলেছিল_সময়_দিতে_খাবার_চেঞ্জ_করে_দিবে,Positive
সময়_হাতে_ছিলনা_কারণ_কয়েকজন_গেস্ট_ঢাকায়_বেক_করবেন,Negative
সময়_না_নষ্ট_করে_ওই_অবস্থায়_চলে_যেতে_হয়,Negative
পার্সেল_নিয়ে_গেছে,Neutral
৫_জন_অপেক্ষা_করেছে_আধা_ঘণ্টা,Negative
এ_সি_চলেনা,Negative
গরমে_৩_তলায়_গানের_সাউন্ডে_মিটিংটা_করা_গেলনা,Negative
গান_বাজনার_জন্য_ভাড়া_দেন_সাউন্ড_প্রুপ_করেনি,Negative
অফিসিয়াল_মিটিং_কেনো_একসেপ্ট_করে,Negative
খুবই_লজ্জায়_পড়ে_গেলাম,Negative
রেস্টুরেন্ট_সিলেক্ট_করে_প্রোগ্রাম_অ্যারেঞ্জ_করেছি,Positive
সার্ভিস_অত্যধিক_খারাপ,Negative
শেষে_৬৭৫_টাকা_ডিসকাউন্ট_দিয়ে_শান্তনা_দিল,Positive
 অনাকাঙ্ক্ষিত_ভুল_আন্তরিক_দুঃখ_প্রকাশ_করছি,Positive
ভুলের_সহজ_সমাধান_ঠিকানা_ফোন_নাম্বারটি_দিবেন,Positive
অতি_দ্রুত_আপনার_সাথে_যোগাযোগ_করছি,Positive
অনেক_ধন্যবাদ_ভুল_ধরিয়ে_দেওয়ার_জন্য,Positive
সুযোগ_দিন_খারাপ_অভিজ্ঞতাটা_দূর_করে_দিতে,Positive
ব্যাপক_সাড়া_ফেলায়_প্ল্যাটারগুলোর_মেয়াদ_১৫ই_অক্টোবর_পর্যন্ত_বৃদ্ধি_করা_হলো,Positive
দেরি_কেন,Negative
চিটাগাং_লাউঞ্জে_চলে_আসুন_নিয়ে_আপনার_দলবল,Positive
খেয়ে_ফেলতে_ইচ্ছে_করছে,Positive
মজাদার_হরেক_রকম_খাবার,Positive
পরিবেশন'টা_অনেক_অনেক_ভালো_লাগলো,Positive
বলার_ভাষা_ই_নাই,Positive
সুস্বাদু_খাবার_সত্যিই_রয়েল_ডাইন_ছাড়া_অসম্ভব,Positive
Take_Away_তেও_পাবেন__অফার,Positive
 তাও_আবার_এরকম_অফারের_সাথে,Positive
শীতে_হয়ে_যাক_গরম_গরম_Pizza,Positive
 অফার_পেতে_পিজ্জার_ছবি_সহ_ফুড_গ্রুপে_চেক_ইন_আবশ্যক,Positive
Burger_এর_পর_নিয়ে_এলাম_আরও_একটি_BoGo_অফার,Positive
ঐতিহ্যবাহী_বিফ_তেহারি,Positive
কাচ্চির_ভীড়ে_চেষ্টা_করেছি_অন্য_রকম_কিছু_আয়োজন_করতে,Positive
চারদিকে_কাচ্চি_কাচ্চি_আর_কাচ্চি,Positive
অনেকেরই_প্রিয়_Tandoori_Meal_প্লেটারটি_পাওয়া_যাবে,Positive
খেতে_ইচ্ছে_করছে,Positive
ডিসকাউন্ট_দেন_নাই,Negative
আকর্ষনীয়_Couple_Platter,Positive
খাবার_অনেক_টেস্ট_হয়েছে,Positive
শনিবার_লালখান_বাজার_শাখায়_লাঞ্চ_করলাম,Positive
কাস্টমার_ডিমান্ডের_কথা_বিবেচনা_করে_অফারটি_আমরা_২_অক্টোবর_পর্যন্ত_চালিয়ে_যাব,Positive
পার্সেলে_BoGo_অফার_প্রযোজ্য_নয়,Negative
তুলনামূলক_কম_দামে_একটি_সেট_মিল_Tandoori_Meal,Positive
মুরগি_তো_সস্তা,Positive
এক_টুকরা_মুরগি_দিয়ে_৩০০__টাকা,Negative
এইগুলা_কি_হক_হচ্ছে,Negative
মানুষ_অনেক_বুদ্ধিমান,Positive
 খাবারের_নাম_দিয়ে_গুগল_থেকে_জেনে_যায়,Positive
এরাবিয়ান_খাদ্য_আছেটা_কি_বলবেন,Neutral
ভালো_রেস্পন্স_দেখে_প্লেটারটি_রেগুলার_মেনুর_সাথে_সংযুক্ত_করার_সিদ্ধান্ত_নিয়েছি,Positive
আধা_প্লেট_আলুভাজি_ফ্রেঞ্চ_ফ্রাই_দাম_রাখে_১৬৫_টাকা,Negative
কি_অদ্ভুত,Neutral
এক_কথায়_রেঞ্জের_মধ্যে_ভালো_খাবার,Positive
সত্যিই_বেশ_নিরিবিলি_অনন্য_পরিবেশ,Positive
যেমনি_মনোমুগ্ধকর_তেমনি_খাবার_গুলোই_ফ্রেশ_,Positive
স্বাস্হ্যসম্মত_খাবারের_রেস্টুরেন্ট_মধ্যে_সেরা_মানের_রেস্টুরেন্ট,Positive
অপেক্ষায়_আছি_ভালো_কিছুর ,Positive
বিজয়_অফার_চলতেছে_সবোর্চ্চ_৩০_ছাড়,Positive
অনেক_শুভ_কামনা,Positive
পাতেসাপটা_অনেক_টেস্টি,Positive
সফলভাবে_আয়োজনটা_শেষ_পারলাম,Positive
ছোটোখাটো_বিয়ের_অনুষ্ঠান_শেষ_করলাম,Positive
খাবারগুলো_না_অনেক_মজা_হয়েছিল,Positive
সকল_পাস্তা_ও_পিজ্জার_উপর_১৫_ডিসকাউন্ট,Positive
সাময়িক_কাজের_জন্য_রেষ্টুরেন্ট_বন্ধ,Negative
তার_জন্য_আন্তরিকভাবে_দুঃখিত,Positive
ঝাল_প্রেমীদের_শুরু_হতে_যাচ্ছে_নাগা_ফেস্ট,Positive
নিয়ে_এসেছি_নতুন_তিন_রকমের_সেট_আইটেম,Positive
হোম_ডেলিভারি,Positive
কোকা_কোলা_থাকছেই,Positive
বন্ধুদের_বেশী_বেশী_করে_Comment_এ_tag_করো_আর_জয়ী_হয়ে_জিতে_নাও_এক_জন_বন্ধু_সহ_পাস্তা,Positive
ইফতার_মিল_খাওয়ার_জন্য_কেমন_কইরা_টেগাইতেছে,Negative
এই_রমজানে_আমাদের_ভিন্ন_রকমের_আয়োজন_নিয়ে_আপনাদের_মাঝে_আমরা_নিয়ে_এসেছি_চার_রকমের_সেট_আইটেম,Positive
৫২০_টাকায়_উপভোগ_করতে_পারবেন_আনলিমিটেড_পাস্তা,Positive
 মান_ভাল_হবে,Positive
বদলাবেন_না,Positive
খাবারের_মান_ধরে_রাখার_চেষ্টা_করি_গ্রাহকদের_সন্তুষ্টি_অর্জনের_চেষ্টা_করে,Positive
সুন্দর_গোছানো_নিরিবিলি_পরিবেশ_সাপোর্টিভ_খাবারের_দিকে_আরেকটু_নজর_দিতে_হবে,Positive
ছোট_খুত_আছে,Negative
সব_মিলিয়ে_বিচারে_৮_১০_বা_৯_১০,Positive
সর্বোচ্চ_খাদক_১১_টা_বার্গার_খেয়েছেন,Neutral
সিট_সীমিত_বুকিং_দিয়ে_আসলে_ভালো_হয়,Positive
২_টি_শাখায়ই_বুকিং_চলছে,Positive
আনলিমিটেড_বার্গার_উৎসব_মাত্র_৪৫০_টাকায়,Positive
হ্লায়_মানুষ_না_অন্যকিছু,Negative
পেঠের_ভিতর_দৈত্য_আছে,Negative
কয়েক_বার_খেয়েচি_প্রতি_বার_লেইট,Negative
দাম_অনুযায়ী_খাবারের_মানটা_আহামরি_কিছু_না,Negative
 ড্রিংকস_গ্লাসে_সার্ভ_করে_কাস্টমার_থেকে_২০_টাকা_মারার_ধান্দাবাজি_ছাড়েন,Negative
স্পাইসি_মিষ্টির_মাঝে_গন্ডগোল_করবেন_না,Negative
Peri_Peri_টা_ঝাল_হয়_মিষ্টি_না,Negative
জায়গা_টা_সুন্দর,Positive
অন্য_সব_রেস্টুরেন্টের_চেয়ে_বড়ও,Positive
ফ্যামিলি_ফ্রেন্ডদের_নিয়ে_যাওয়ার_জন্য_বেস্ট,Positive
ফুড_কোয়ালিটি_ভালো,Positive
পরিবেশ_ভালো,Positive
ডেকোরেশন_অনেক_ভালো,Positive
সার্ভিস_ভালো_করতে_হবে,Positive
পরিবেশটা_ধারুন,Positive
খাবারের_মান_পরিবেশনটা_ভালো,Positive
 জিনিসটা_খারাপ_লাগল,Negative
খেজুর_নাই,Negative
ইচ্ছের_বিরুদ্ধে_জোর_করে_সার্ভিং_করতেসে_এরকম_আচরণ,Negative
খাওয়া_শেষের_পরে_সালাদ_আনা,Negative
জঘন্য_আচরণ_রেস্টুরেন্ট_টিকিয়ে_রাখসে_ক্যাম্নে_আল্লাহ_মালুম,Negative
বাসমতী_চাউলের_কক_চিকেন_দিয়ে_চিকেন_দম_বিরানী,Negative
সেই_ছিলো_বিরিয়ানি_টা,Positive
খেতে_চাইলে_চলে_আসুন,Positive
খুবই_স্বল্প_দামে_লাঞ্চ_মেন্যু_নিয়ে_হাজির_হল,Positive
অফার_দুপুর_১টা_থেকে_বিকাল_৪টা_অবধি_পাওয়া_যাবে,Positive
সবগুলো_আইটেম_রুফটপের_জন্য_প্রজোজ্য,Positive
চেকইন_আবশ্যক,Negative
পার্সেল_ও_কি_একি_দাম,Neutral
৩_জন_ট্যাগদাতাকারী_পাবেন_ফুচকা_প্লেটার_ফ্রী,Positive
ফুচকা_প্লেটার_ফ্রী,Positive
ট্যাগ_করুন,Neutral
খাওয়া_চলবে_অবিরাম,Positive
আড্ডা_চলবে_অবিরাম,Positive
খোশ_গল্পে_মেতে_উঠুন_রফটপে,Positive
শনিবার_পাওয়া_যাবে_হরেক_রকমের_ফুচকার_সমাহার,Positive
রুফটপ_মেন্যুতে_পুরোদমে_৫_ডিস্কাউন্ট_,Positive
দেরী_না_করে_রুফটপ_ম্যানুটি_উপভোগ_করতে_চলে_আসুন,Positive
হ্যা_ট্যাগ_দিতে_ভুল_করবেন_না,Neutral
শীতের_হিমেল_হাওয়ায়_দখিনা_বাতাস_পড়ন্ত_বিকেলের_রোদ_এসে_উকি_দেবে_সাথে_যদি_চিকেন_চাপ,Positive
রেগুলার_প্রাইজ_দিয়ে_নিতে_হবে,Negative
দেরী_ন_গরি_তাড়াতাড়ি_চলি_আইয়ুন_দি_প্লেটার_রেস্টুরেন্টত,Positive
চেক_ইন_দিলি_সফট_ড্রিঙ্কস_ফ্রী,Positive
ভিন্ন_স্বাদের_জ_দ্যা_প্লাটার_রেস্টুরেন্টে_ভিন্ন_টেস্টের_বিরিয়ানি,Positive
এইপ্লেটারটি_১২০_টাকায়_উপভোগ_করতে_ছবিসহ_ফুডগ্রুপে_একটা_রিভিউ_দিয়ে_জানাতে_হবে_কেমন_লেগেছে,Positive
কম_টাকায়_মুখের_রুচির_পেট_ভর্তির_ধারুণ_সুযোগ,Positive
খাবার_নিয়ে_অভিযোগ_থাকলে_কর্তৃপক্ষকে_জানিয়ে_ভালো_সার্ভিস_জন্য_সহযোগিতা_করবেন,Positive
আর_এমনি_সুযোগ_থাকছে_আপনাদের_জন্য,Positive
পূর্বের_হাবিবি_প্লেটারের_চিকেন_আইটেমে_পরিবর্তন_করে_নিয়ে_এসেছি_আরো_দুইটি_ভিন্ন_স্বাদের_চিকেন_আইটেন,Positive
অফারটি_অফার_চলাকালীন_সময়_দুপুর_১২_টা_থেকে_রাত_৯_টা_পর্যন্ত,Positive
চাহিদার_কথা_বিবেচনায়_হাবিবি_প্লেটার_শুধুমাত্র_৪_দিনের,Positive
স্বল্প_টাকায়_সুস্বাদু_মুখরোচক_খাবারের,Positive
ঢাকায়_কোনো_শাখা_নাই,Negative
খাবারের_সাথে_ছবির_মিল_থাকে_না,Negative
বিদ্যুৎ_বিভ্রাটের_কারণে_মার্কেট_৪দিন_বন্ধ_থাকায়_সম্মানিত_গ্রাহক_যারা_এখনো_অফারটি_উপভোগ_করতে_পারেননি_তাদের_জন্য_ধারুণ_সুযোগ,Negative
যাবি_নাকি_খালি_ভাই_ব্রাদারের_সাথেই_যাবি,Positive
কম_টাকায়_অনেক_গুলো_আইটেম_খেতে_এই_আয়োজন,Positive
সব_কিছুই_ভালো,Positive
খুব_ভালো_রেস্টুরেন্ট,Positive
সব_মিলে_অসাধারণ,Positive
সার্ভিসও_অনেক_ভালো,Positive
খাবারগুলা_অনেক_মজার,Positive
খাবার_আসলেই_খুব_ভাল_ছিলো,Positive
ভালো_খাবার_কম_দামে_পাওয়া_যায়_না,Positive
খুব_সুন্দর_পরিষ্কার_পরিচ্ছন্ন,Positive
ব্যবহার_খুবই_ভাল,Positive
খুবই_আন্তরিক,Positive
এক_কথায়_অসাধারন,Positive
ভালো_খাবার_খাইতে_চাইলে_আসার_দাওয়াত_রইল,Positive
খাইতে_পারেন,Positive
খাবার_গুলা_অনেক_ভাল,Positive
এবারেও_থাকছে_চমক,Positive
এই_প্লেটারে_একই_সাথে_পাবেন_রাইস_মিলের_সাথে_ভিন্ন_ভিন্ন_স্নেক্স_এর_ভিন্ন_ভিন্ন_টেস্ট_নেওয়ার_চমৎকার_সুযোগ,Positive
একা_এক_সাথে_দুইটা_প্লেটার_খেয়ে_শেষ_করতে_পাবেনা,Positive
থাই_সুপ_অন্থন_ফ্রী,Positive
চলুন_শুরু_করা_যাক,Positive
আইটেম_পরিমান_বেশী_খেয়ে_বাকি_খাবার_পার্সেল_করলে_অতিরিক্ত_১০_টাকা_লাগবে,Negative
অফার_চলছে,Positive
উপভোগ_করেন_নি_দ্রুত_চলে_আসুন,Positive
আমাদের_পেইজে_দেখেন,Positive
পিয়াজ__আপ্নেরা_ভারত_থেকে_কিনে_আনেছন,Neutral
পাকিস্তান_থেকে,Neutral
খাবারের_কোয়ালিটি_কোয়ান্টিটি_দু'টোই_খুব_ভালো,Positive
বিহেইভিয়ারও,Positive
পজিটিভ_রেটিংক্স_দেখে_খেতে_গেলাম,Positive
অবশ্যই_আসার_সর্বোচ্চ_চেষ্টা_করবো,Positive
ফুড_ব্যাংকে_রিভিউ_দিবো_,Positive
অসাধারণ_আইটেমের_টেস্ট_,Positive
অফার_টা_পছন্দ_মিস_করবো,Positive
অফার_থাকবে_পার্সেল_নিতে_পারবেব,Positive
চমক_তো_থাকবেই,Positive
১৫৯_টাকায়_সিটিজেন_রেস্টুরেন্ট_দিচ্ছে_দারুণ_এক_প্লেটার,Positive
আগে_পেতে_বুকিং_দিতে_পারেন,Negative
নির্দিষ্ট_সময়_সংখ্যক_থাকবে_অফার,Positive
বৈশাখী_অফারটাই_চলবে,Positive
৯৯_প্লেটারটি__বন্ধ_আছে,Negative
পার্সেলে_একই_দামে_সব_অফারের_খাবার_সরবরাহ_করি,Positive
হোম_ডেলিভারি_দিই_না,Negative
 অফারটি_যতখুশি_উপভোগ_করতে_পারবে,Positive
খাওয়ার_জন্য_আসতেছি,Positive
চল_শনিবারে_খাই,Positive
সরকারি_কমার্স_কলেজের_শিক্ষার্থীদের_৯৯_টাকা_অফার_উপভোগ,Positive
ধন্যবাদ_কৃতজ্ঞতা_জানাই_,Positive
গ্রহককে_নিজ_দায়িত্বে_নিয়ে_যেতে_হবে,Negative
যত_খুশি_উপভোগ_করার_অনুরোধ_রইল,Positive
নিউ_মার্কেট_কিংবা_রিয়াজ_উদ্দিন_বাজার_পাশ্ববর্তী_এলাকাতেই_আমাদের_অবস্থান,Positive
পুলিশ_প্লাজা_বললে_চিনিয়ে_দিবে,Positive
99_টাকা_অফারটা_এখনও_আছে,Positive
গ্রাহকদের_সাড়া_পেয়ে_কৃতজ্ঞ_আনন্দিত,Positive
গ্রাহকদের_জানাই_আন্তরিক_শুভেচ্ছা_অভিনন্দন,Positive
কিডস_কর্ণার_গ্রাহকদের_জন্য_প্রস্তুত,Positive
গ্রাহকদের_শিশুরা_আইটেমগুলো_ইউজ_করতে_পারবে_যতখুশি,Positive
নতুন_অফার,Positive
দাম_কত_নির্ধারণ_করতে_পারি_জানাবেন,Positive
সবাইকে_মতামতের_জন্য_আন্তরিক_ধন্যবাদ,Positive
চিকেন_চিংড়ির_সমন্বয়ে_সুস্বাদু_খাবার,Positive
খাবেন_তো_খাবেন_পেট_ভর্তি_হলে_চামচ_চাটবেন,Positive
সর্বনিম্ন_দামে_লায়লী_মজনু_প্লেটার,Positive
নিয়ে_এসেছি_গ্রান্ড_প্লেইট_অফার,Positive
আকর্ষণীয়_পরিবেশে_ডি_এস_এল_দিয়ে_ফ্রি_ছবি_তুলে_দেয়া_হয়,Positive
সুসজ্জিত_স্টেইজ,Positive
বার্থ_ডে_আয়োজন_ফ্রি_স্টেইজ_ডেকুরেশন ,Positive
স্পিকার_দিয়ে_কথা_বলা_মিউজিক্যাল_সাউন্ড_সিস্টেম_ফ্রি_ব্যবস্থা,Positive
একই_সাথে_২৫০_জনের_বসার_অনুষ্ঠান_উপভোগের_ব্যবস্থা,Positive
সম্পূর্ণ_ফ্রি_তে_ওয়াইফাই_ব্যবহারের_সুযোগ,Positive
বন্ধুরা_দেরি_কেন,Positive
অফার_উপভোগ_করুন,Positive
দুপুরবেলা_আসতে_পারি,Positive
লোকেশন_প্লিজ,Neutral
এত_সুযোগ_সুবিধা ,Positive
এর_চাইতে_ভাল__কি_হইতে_পারে,Positive
কম_দামে_সুবিধা,Positive
খাবারের_মান_কেমন_কেউ_জানেন,Neutral
অবাক_হচ্ছেন_বুঝি,Neutral
লাভ_করি_সীমিত,Positive
ভালো_লাগবে,Positive
খেয়ে_দেখুন,Positive
গ্রাহকদের_জন্য_জামাই_আদর_অফার,Positive
প্লেইট_কিনলে_আরেকটি_সম্পূর্ণ_ফ্রি,Positive
এক্কেরে_মন_খুশ_করার_মতো,Positive
ভালো_রেস্টুরেন্ট,Positive
খাবারগুলো_সত্যিই_খুব_মজার,Positive
জায়গাটাও_অনেক_সুন্দর,Positive
সব_মিলিয়ে_অসাধারণ,Positive
প্লেটার_টা_সেরা_ছিলো,Positive
খাবার_খেয়ে_তৃপ্তি_পেয়েছি_যতবার_খেয়েছি,Positive
খুদ্র_পরিসরে_এক_কথাই_অসাধারণ,Positive
ফ্রিতে_বার্থডে_জোন_ডিএসএলআর_ক্যামেরার_সুব্যবস্থা,Positive
চলে_আসুন_রেস্টুরেন্টে,Positive
আড্ডায়_আড্ডায়_মেতে_উঠুন_রেস্টুরেন্টে,Positive
শীতকালীন_ধামাকা__অফার,Positive
রাইস_কম্বো_সাথে_থাকছে_থাই_সুপ,Positive
কোথায়_পাওয়া_যাবে,Neutral
আগামীকাল_ঈদুল_মিলাদুন্নবী_উপলক্ষে_আমাদের_রেস্টুরেন্ট_বন্ধ_থাকবে,Positive
ধামাকা_অফার_লুফে_নিতে_চলে_আসুন_রেস্টুরেন্টে,Positive
পার্সেল_অর্ডার_দিতে_চাচ্ছি,Positive
ডেলিবারি_সিস্টেম_আছে_কি,Neutral
ফ্রাইড_রাইস_বিরিয়ানি_রাইস_খেতে_খেতে_অভক্তি_এসে_গেছে_রেস্টুরেন্ট_নিয়ে_আসলো_নতুন_প্লেটার,Positive
সব_ঠক_বাজি,Negative
মুরগির_মাংসটা_যত_বড়_দেখায়_আসলে_বর_নয়,Negative
পুলিশ_প্লাজা_সাময়িক_অসুবিধার_কারণে_অনিবার্য_বসত_আজকে_পুলিশ_প্লাজা_বন্ধ_থাকিবে,Negative
হাটি_হাটি_পা_পা_করে_দেখতে_দেখতে_কেটে_গেলো_আড্ডা_রেস্টুরেন্ট_এর_সফলতার_একটি_বছর,Positive
রেস্টুরেন্ট_ভোজনরসিকদের_উপহার_দিয়েছেন_নানান_রকম_প্লেটার,Positive
আজ_২৮শে_সেপ্টেম্বর_রোজ_শনিবার_আমাদের_আড্ডা_রেস্টুরেন্ট_এর_প্রথম_বছর_পূর্তি,Positive
আমন্ত্রণ_জানাচ্ছি_নতুনত্ব_প্লেটার_গুলো_উপভোগ_করার_জন্য,Positive
নানান_আয়োজন_নিয়ে_২৮_শে_সেপ্টেম্বর_থেকে_৩_অক্টোবর_পর্যন্ত_বর্ণিল_সাজে_সজ্জিত_থাকবে,Positive
চলে_আসুন_আড্ডা_রেস্টুরেন্টে,Positive
সফলতা_কামনা_করছি,Positive
শুভ_কামনা_অাগামী_দিনগুলোর_জন্য,Positive
সেজোয়ানী_রাইস_টি_তে_১৮_রকমের_মসলা_ব্যবহার_করা_হয়েছে,Positive
সবার_কাছে_প্লেটারটি_ভালো_লাগবে,Positive
সবসময়_খাচ্ছেন,Positive
দৃষ্টি_আকর্ষণ,Positive
সাময়িক_অসুবিধার্থে_Buy_one_Get_one_Burger_অফারটি_আজকে_থেকে_বন্ধ_থাকিবে,Negative
অফার_দিলো_কখন_কিছুই_জানতে_পারলাম_না,Negative
অফার_টা_ছিল_তাও_জানতাম_না ,Negative
সাময়িক_অসুবিধার_কারণে_নতুন_এই_প্লেটারটি_কিছু_দিনের_জন্য_বন্ধ_ছিল,Negative
আজকে_থেকে_আবার_পাওয়া_যাবে_এই_প্লেটারটি,Positive
পারসেল_হবে_লাভ_লাইন,Positive
ফুডপ্রেমিদের_বিশেষ_অনুরোধ_চাহিদার_কারণে_পাওয়া_যাচ্ছে,Positive
19_তারিখ_খোলা_থাকবে,Positive
অনেক_সুন্দর,Positive
 এই_অপারগুলা_কয়_তারিখ_পর্যন্ত_থাকবে,Neutral
বছর_শেষে_ধামাকা_অফার_99_এবং_199_টাকায়_ধামাকা,Positive
নিজে_উপভোগ_করুন__অন্য_বন্ধুদের_উপভোগ_করার_সুযোগ_দিন,Positive
অফার_উপভোগে_ফটো_পোস্ট_রিভিউ_প্রযোজ্য,Negative
অনলাইন_পার্সেল_অর্ডার_অফারে_প্রযোজ্য_নয়,Negative
স্ব_শরীরে_পার্সেল_নিতে_পারবেন,Positive
লাঞ্চ_আওয়ারে_আইটেম_এভেইলেবল,Positive
অভূতপূর্ব_সাড়া_পেয়ে_আবারো_আমাদের_আয়োজন_শুধুমাত্র_আগামী_তিন_দিনের_জন্য,Positive
পার্সেল_১০৳_চার্জ_প্রযোজ্য,Negative
শীত_শীত_লাগছে_তাই_না,Neutral
শীতের_পূর্বে_শীতের_উষ্ণ_উপহার_হিসেবে_Lake_Dine_দিচ্ছে_১২০_ও_১৪০_এবং_২০০টাকায়_খাবার_গ্রহণের_সুযোগ,Positive
খেতে_গেলে_বলে_সময়_শেষ,Negative
Nachos_কিছুটা_নাচা_নাচি_ভাব_জিনিসটা_কুরমুরে_চিপসের_কয়েকপদের_মাখানো_সস_পরিমিত_চিজ_চিকেনের_কম্বিনেশন,Positive
কল_দিলে_কেউ_রিসিভ_করেনা,Negative
LAKE_DINE_পরিবার_গভীরভাবে_ব্যাথিত,Positive
ধামাকা_অফার_শুরু_আরেক_বার,Positive
পেঁয়াজ_দেখি_না_আইটেমে,Negative
ইটার_প্রাইজ_কত,Neutral
ক্যাম্পেইন_করলে_কেমন_হয়,Positive
৫_জনের_জন্য_থাকবে_আয়োজন,Positive
পরামর্শ_থাকলে_দিন_প্লীজ,Positive
খাওয়া_দাওয়া_হলো_সাথে_প্রিয়_সেন্টমার্টিন_পরিস্কার_থাকল,Positive
যারাই_আনবেন_LAKE_DINE_এর_পক্ষ_থেকে_থাকবে_ডিনারের_ব্যবস্থা,Positive
বস্তাটা_টেকনাফে_এনে_কোন_ময়লা_ফেলার_স্থানে_ফেলব,Positive
জাহাজ_ঘাটের_আশে_পাশেই_থাকার_কথা_এমন_জায়গা,Positive
২_৩_মিনিট_এর_একটা_ভিডিও_গ্রুপে_আপলোড_করবেন_যাতে_থাকবে_ময়লা_সংগ্রহ_বস্তায়_ভরা_টেকনাফে_নিয়ে_আসা_নির্দিস্ট_স্থানে_ফেলা,Positive
দারুন_উদ্যেগ,Positive
যদিও_এই_সিজনে_সেন্ট_মার্টিন_যাওয়া_হবেনা_কারন_গতবারই_গিয়ে_আসলাম,Negative
সাধুবাদ_জানাই_প্রয়াসে,Positive
খুব_সুন্দর_আইড়িয়া,Positive
আমরা_যে_যার_অবস্থান_থেকে_যদি_সবাই_একসাথে_কাজ_শুরু_করি_তাহলে_ইনশাল্লাহ_একদিন_আমাদের_সেন্টমার্টিন_দূষণমুক্ত_হবে,Positive
 আপনারা_লেক_ডাইনের_পক্ষ_থেকে_একটা_ভ্রমণ_দিয়ে_এরকম_করে_একটা_বিডিও_করতে_পারেন,Positive
পরিষ্কার_অভিযান_চালান,Positive
কম_দামে_ভালো_খাবার,Positive
খাবার_গুলা_অনেক_মজার,Positive
খাওয়া_ভালো_দাম_টাও_রিজনেবল,Positive
সবচেয়ে_ভালো_লাগছে_ভিউ,Positive
সবকিছুই_ভালো,Positive
ইউনিক_ছিলো,Positive
Best_খাবার ,Positive
ভাল_সার্ভিস,Positive
খাবার_খুব_সস্তা_সুস্বাদু,Positive
পরিচালনা_খাদ্য_স্টাফ_সম্পর্কে_যত্নশীল_হওয়া_উচিত,Negative
ওয়েটারদের_আচরণ_ভাল_নয়,Negative
ব্যতিক্রমী_খাবারের_মান,Positive
কোন_আদব_নেই,Negative
আড্ডা_জন্য_ভাল_জায়গা,Positive
খাবারের_মান_ভালো_না,Negative
খাবার_পরিবেশন_করতে_অনেক_বেশি_সময়_নেয়,Negative
প্রায়ই_যাই,Positive
শিশু_বান্ধব_নয়,Negative
খাবারের_মানের_চেয়ে_দাম_খুব_বেশি।,Negative
স্পেশাল_আইটেমগুলো_বেশি_ভালো_হয়,Positive
 ব্যবহারও_বেশ_ভালোই,Positive
খাবার_ভালোই,Positive
বিহেভ_বেস্ট,Positive
ফুড_কোয়ালিটি ,Positive
বার্গার_টা_জোস,Positive
মোমো_টা_ভালো_লাগছে,Positive
ইফতার_প্লেটারগুলো_সেরা_ছিল,Positive
খাবারের_কোয়ালিটি_অসাধারন,Positive
প্লেইন_দোসার_স্বাদ_১৫_মিনিট_পর_ও_লেগে_আছে_মুখে,Positive
সার্ভিস_স্লো_একটু,Negative
খাবার_ভালো_ছিল,Positive
দাম_সস্তা,Positive
অসাধারণ_পরিবেশ,Positive
দাম_কম,Positive
বেশ_সুন্দর_পরিবেশ,Positive
খাবারের_মান_বেশ_ভাল,Positive
দাম_হাতের_নাগালে,Positive
ঠান্ডা_খাবার,Negative
বৃষ্টি_বিলাশের_জন্য_পারফেক্ট_জায়গা,Positive
পরিমানে_কম,Negative
পরিবেশ_ভালো,Positive
মাছি_ছিলো,Negative
খাবার_খুব_একটা_অসাধারণ_তা_নয়,Neutral
বেস্ট_ডেকোরেশনের,Positive
ফ্রেন্ডস_হোক_অথবা_পরিবার_অথবা_প্রিয়_কেউ__সময়_কাটাতে_ওজ_ক্যাফের_কোন_জুড়ি_নেই,Positive
ভাল_খাবার_পরিবেশ_ওজ_ক্যাফের_আসল_বৈশিষ্ট্য ,Positive
দায়িত্বরত_সকলের_ব্যবহার_যথেষ্ট_আন্তরিক,Positive
ব্যস্ত_শহরের_মধ্যে_সবুজে_ঘেরা_নিরিবিলি_আরেক_শহর,Positive
খাবারের_স্বাধ_ভালো_পরিষ্কার_পরিচ্ছন্ন,Positive
কর্তৃপহ্মের_পরিবেশ_ভারসাম্য_রহ্ম্যাত্রে_ভিতরে_ধূমপান_নিষেধ_করা_উচিৎ,Neutral
খাবারের_মান_বারাইতে_হবে,Negative
অনেক_সুন্দর,Positive
খাবার_অনেক_ভালো,Positive
এক_কথায়_অসাধরন,Positive
কোয়ালিটি_বাড়ান_অারো,Negative
খাবারেন_মান_ভাল_হতে_হবে,Negative
চোরের_মত_পালায়_থাকলেই_কি_সব_সমাধান_হয়ে_যায়,Negative
স্টাফদের_ব্যাবহার_খুব_ভালো,Positive
দাম_একটু_বেশি,Negative
সবার_এখানে_একবার_আসা_উচিৎ,Positive
খাবার_এক_কথায়_ভয়ঙ্কর,Negative
যেমন_আশা_করেছিলাম_তার_চেয়ে_ও_বেশি_কিছু_পেয়েছি,Positive
সবচেয়ে_খারাপ_অভিজ্ঞতা,Negative
দেমাগ_খুব_অল্প_সময়ে_খ্যাতি_পাওয়ায়_অহংকার ,Negative
কাস্টমারের_প্রতি_ব্যবহার_সৌজন্যমূলক_নয়,Negative
হতাশ_হয়েছি,Negative
অনেক_মজাদার_খাবার,Positive
সার্ভিস_খারাপ,Negative
খুবই_খারাপ,Negative
পানি_তে_ময়লা,Negative
খাবার_টাও_জঘন্য,Negative
 নীচের_তলায়_হাজার_হাজার_মশা,Negative
সার্ভিস_বিহেইব_অনেক_ভালো,Positive
অসাধারণ_স্বাদ,Positive
তেলাপোকার_চাষবাদে_বিখ্যাত_এই_দোকান,Negative
অসাধারণ_পরিবেশ,Positive
গিয়া_খাইলেই_বুঝবেন_কি_জন্য_৫*_দিছি ,Positive
সাধ্যের_মধ্যে_সবটুকু_সুখ,Positive
কেও__খাবার_দুর্নাম_করতে_পারবেন_না ,Positive
খাবার_অসাধারণ,Positive
ইন্টেরিয়র_অনেক_সুন্দর,Positive
আলাদা_ফটো_বুথ_রয়েছে_ফটো_তোলার_জন্যে,Positive
কফির_মজাই_আলাদা,Positive
কফির_সাথে_স্নাক্স_কম্বিনেশন_টা_মোটেও_খারাপ_না,Positive
আড্ডা_দেবার_জন্যে_জায়গাটা_পারফেক্ট ,Positive
চিপস_টা_বেশ_ক্রিস্পিসস_টা_মজা,Positive
নান_তা_বেশ_মজা,Positive
দাম_হিসেবে_কোয়ান্টিটি_বেশ_ভালো,Positive
অসাধারণ_পরিবেশ,Positive
অমায়িক_ব্যাবহার,Positive
খাবার_এক_কথায়_অতুলনীয়,Positive
দাম_কম,Positive
সার্ভিস_ভালো,Positive
বেস্ট_খিচুরি,Positive
ক্ল্যাসি_খাবার,Positive
ব্যবহার_অসাধারণ,Positive
এগিয়ে_যাক,Positive
খাবারের_মান_আরো_উন্নত_করতে_হবে,Neutral
অফার_ছিলো_খাওয়ার_পর_প্রতিজ্ঞা_করলাম_কোনো_অফার_নেবো_না,Negative
মুখরোচক_সুস্বাদ_খাবার,Positive
স্টাফদের_আন্তরিকতা_দারুন,Positive
শুভ_কামনা_রইল,Positive
খাবার_অর্ডার_দিয়ে_যদি_২_ঘন্টা_বসেতে_হয়,Negative
খাবার_সেরকম_ভাল,Positive
দাম_সেরকম_বেশি,Negative
খাবারের_মান_আরও_ভালো_করতে_হবে,Neutral
ঘুরতে_যাওয়ার_জন্য_অসাধারণ,Positive
বাজে_একটা_রেস্টুরেন্ট,Negative
এখানে_যাওয়ার_চেয়ে_ফুটফাতে_রেস্টুরেন্ট_আরও_ভালো,Negative
খাবারের_মান_মারাত্মক_খারাপ,Negative
সাধারণ_হোটেলের_চেয়েও_অনেক_খারাপ,Negative
খাবারের_মান_খুবই_বাজে,Negative
ফদের_ব্যবহার_এমন_যেন_ফ্রিতে_খাওয়াচ্ছে,Negative
দাম_খুব_বেশি,Negative
ফালতু_পুরা,Negative
খুবই_বাজে,Negative
অসাধারণ_ব্যবহার ,Positive
 ভালো_খাবারের_মান_10/10_দিলে_কম_হবে,Positive
অনেক_ভাল_লেগেছে,Positive
খাবারের_মান_অনেক_ভাল,Positive
ভাল_হত_বিকাশে_প্রেমেন্ট_সুবিধা__থাকত,Neutral
নিয়মিত_গ্রাহক,Positive
১৫_টাকার_পেপসি_৩_গুণ_দাম,Negative
টেস্ট_ছিল,Positive
খাবারের_জন্য_ভাল_জাইয়গা,Positive
সার্ভিস_ভালো_নয়,Negative
ভাল_মানের_খাবার,Positive
ভাল_সময়_কাটানোর_সুন্দর_জায়গা,Positive
ব্যবহার_ভাল,Positive
খাবার_সুস্বাদু,Positive
স্বাস্থ্যকর_খাবার,Positive
সার্ভিস_খুব_খারাপ,Negative
খুবেই_ভালো ,Positive
সার্ভিস_অনেক_বাজে,Negative
সুন্দর_রেষ্টোরেন্ট,Positive
পরিবেশ_অনেক_সুন্দর,Positive
খাবার_মানসম্মত,Positive
ইন্টেরিয়র_ডিজাইন_এক্সিলেন্ট,Positive
আভিজাত্য_রেস্টুরেন্ট,Positive
 খাওয়ার_মান_যথেষ্ট_ভাল ,Positive
খাওয়ার_জন্য_সুন্দর_জায়গা,Positive
খাবারের_মান_আগের_মতোই_অসাধারন,Positive
ভালবাসার_পাস্তা,Positive
খানদানী_ষ্টাইলেই_সব,Positive
মিল্কসেক_তো_যাচ্ছেতাই,Negative
গন্ধে_বমি_আসার_অবস্থা,Negative
সালাদ_মেবি_৩-৪_দিনের_বাসি,Negative
ভাল_খাবার,Positive
সবচেয়ে_ভালো_খাবার,Positive
দাম_কম,Positive
খাবার_স্বাদ_অতুলোনীয়,Positive
স্বল্প_দামে_অনেক_ভালো_খাবার,Positive
সবকিছু_ভালো,Positive
খাবারের_মান_ভাল,Positive
দোকানের_পরিসর_বাড়ানো_দরকার,Neutral
খাবার_বেশ_প্রশংসনীয় ,Positive
সুলভ_মূল্যের_খাবার,Positive
পরিবেশনা_মুগ্ধকর,Positive
ডেকোরেশনটা_গুছানো,Positive
খুবই_ভালো_ডিশগুলো,Positive
দু_একটি_খাবারের_ইমপ্রুভ_করতে_হবে,Neutral
ছোট_যায়গা_বড়_আকারে_খাওয়ার_অন্যরকম_পরিবেশ,Positive
বরবাদ_গেছে,Negative
ব্যবহার_অসাধারণ,Positive
খাবার_ভালো_লাগে_নি,Negative
পরিবেশটা_অনেক_সুন্দর,Positive
স্পেস_ছোট,Negative
বেশি_ভালো_না_বেশি_খারাপ_না,Neutral
